web-scraper-order,web-scraper-start-url,Links,Links-href,pages,pages-href
"1682283372-118","https://www.google.com/search?q=Rahul+Gandhi+AND+Bharat+Jodo+Yatra&biw=1536&bih=750&sxsrf=APwXEdePAGf-mH6ciFczch5_WVmcGMW84A%3A1682283183464&source=lnt&tbs=cdr%3A1%2Ccd_min%3A9%2F7%2F2022%2Ccd_max%3A1%2F30%2F2023&tbm=nws","The WireHas the Bharat Jodo Yatra Achieved What It Set Out to Do?Congress leader Rahul Gandhi during an event held in Srinagar, Kashmir, to 
mark the conclusion of Bharat Jodo Yatra on January 30, 2023..30-Jan-2023","https://thewire.in/politics/bharat-jodo-yatra-achievement-goals","",""
"1682283372-119","https://www.google.com/search?q=Rahul+Gandhi+AND+Bharat+Jodo+Yatra&biw=1536&bih=750&sxsrf=APwXEdePAGf-mH6ciFczch5_WVmcGMW84A%3A1682283183464&source=lnt&tbs=cdr%3A1%2Ccd_min%3A9%2F7%2F2022%2Ccd_max%3A1%2F30%2F2023&tbm=nws","Times of India'Deepest, most beautiful experience': Rahul Gandhi on Bharat Jodo Yatra 
culminationThe yatra, which was launched on September 7 last year in Kanyakumari, has 
traversed 12 states and two Union Territories. It will officially culminate 
with the....30-Jan-2023","https://timesofindia.indiatimes.com/india/deepest-most-beautiful-experience-rahul-gandhi-on-eve-of-bharat-jodo-yatra-culmination/articleshow/97419572.cms","",""
"1682283372-120","https://www.google.com/search?q=Rahul+Gandhi+AND+Bharat+Jodo+Yatra&biw=1536&bih=750&sxsrf=APwXEdePAGf-mH6ciFczch5_WVmcGMW84A%3A1682283183464&source=lnt&tbs=cdr%3A1%2Ccd_min%3A9%2F7%2F2022%2Ccd_max%3A1%2F30%2F2023&tbm=nws","The Indian ExpressAim of Bharat Jodo Yatra is to save liberal, secular ethos of India: Rahul 
GandhiThe aim of the yatra was to unite India, it was against the hate and 
violence being spread across the country. We have had a tremendous 
response. In fact, no....30-Jan-2023","https://indianexpress.com/article/india/bharat-jodo-yatra-rahul-gandhi-8412166/","",""
"1682283372-121","https://www.google.com/search?q=Rahul+Gandhi+AND+Bharat+Jodo+Yatra&biw=1536&bih=750&sxsrf=APwXEdePAGf-mH6ciFczch5_WVmcGMW84A%3A1682283183464&source=lnt&tbs=cdr%3A1%2Ccd_min%3A9%2F7%2F2022%2Ccd_max%3A1%2F30%2F2023&tbm=nws","The Indian Express‘Opening a shop of love in the market of hate’ through Bharat Jodo Yatra, 
says Rahul GandhiRahul Gandhi-led 'Bharat Jodo Yatra' entered Haryana on December 21 in the 
presence of senior party leaders from the state, including former Haryana 
Chief....21-Dec-2022","https://indianexpress.com/article/india/rahul-gandhi-bharat-jodo-yatra-haryana-speech-8335825/","",""
"1682283372-122","https://www.google.com/search?q=Rahul+Gandhi+AND+Bharat+Jodo+Yatra&biw=1536&bih=750&sxsrf=APwXEdePAGf-mH6ciFczch5_WVmcGMW84A%3A1682283183464&source=lnt&tbs=cdr%3A1%2Ccd_min%3A9%2F7%2F2022%2Ccd_max%3A1%2F30%2F2023&tbm=nws","Telegraph IndiaRahul Gandhi-led Bharat Jodo Yatra enters HaryanaCongress leader Rahul Gandhi-led 'Bharat Jodo Yatra' entered Haryana 
Wednesday morning in the presence of senior party leaders from the state..21-Dec-2022","https://www.telegraphindia.com/india/rahul-gandhi-led-bharat-jodo-yatra-enters-haryana/cid/1905017","",""
"1682283372-123","https://www.google.com/search?q=Rahul+Gandhi+AND+Bharat+Jodo+Yatra&biw=1536&bih=750&sxsrf=APwXEdePAGf-mH6ciFczch5_WVmcGMW84A%3A1682283183464&source=lnt&tbs=cdr%3A1%2Ccd_min%3A9%2F7%2F2022%2Ccd_max%3A1%2F30%2F2023&tbm=nws","MintRahul Gandhi's Bharat Jodo Yatra in Delhi today; Avoid THESE routes | MintThe 3,500-km-long Bharat Jodo Yatra will enter the national capital today, 
December 24, around 6.30 am through the Badarpur border. It will reach Jai 
Dev Ashram....24-Dec-2022","https://www.livemint.com/news/india/police-issues-travel-advisory-ahead-of-bharat-jodo-yatra-s-delhi-leg-11671838725755.html","",""
"1682283372-124","https://www.google.com/search?q=Rahul+Gandhi+AND+Bharat+Jodo+Yatra&biw=1536&bih=750&sxsrf=APwXEdePAGf-mH6ciFczch5_WVmcGMW84A%3A1682283183464&source=lnt&tbs=cdr%3A1%2Ccd_min%3A9%2F7%2F2022%2Ccd_max%3A1%2F30%2F2023&tbm=nws","The HinduRahul Gandhi’s Bharat Jodo Yatra enters Kerala on Saturday nightThe yatra will be on the road from 7 a.m till 11 a.m and from 4 p.m. till 7 
p.m. The time in between will be used by Mr. Gandhi to interact with the 
youth,....09-Sept-2022","https://www.thehindu.com/news/national/kerala/rahul-gandhis-bharat-jodo-yatra-enters-kerala-on-saturday-night/article65872280.ece","",""
"1682283372-125","https://www.google.com/search?q=Rahul+Gandhi+AND+Bharat+Jodo+Yatra&biw=1536&bih=750&sxsrf=APwXEdePAGf-mH6ciFczch5_WVmcGMW84A%3A1682283183464&source=lnt&tbs=cdr%3A1%2Ccd_min%3A9%2F7%2F2022%2Ccd_max%3A1%2F30%2F2023&tbm=nws","Navbharat TimesRahul Gandhi Bharat Jodo Yatra: 136 दिन, 12 राज्‍य, 3500 किमी... कांग्रेस 
को राहुल गांधी की यात्रा से क्या मिला?नई दिल्‍ली: कांग्रेस के पूर्व अध्‍यक्ष राहुल गांधी की भारत जोड़ो यात्रा 
सोमवार को....30-Jan-2023","https://navbharattimes.indiatimes.com/india/bharat-jodo-yatra-what-congress-gets-from-rahul-gandhi-march/articleshow/97449578.cms","",""
"1682283372-126","https://www.google.com/search?q=Rahul+Gandhi+AND+Bharat+Jodo+Yatra&biw=1536&bih=750&sxsrf=APwXEdePAGf-mH6ciFczch5_WVmcGMW84A%3A1682283183464&source=lnt&tbs=cdr%3A1%2Ccd_min%3A9%2F7%2F2022%2Ccd_max%3A1%2F30%2F2023&tbm=nws","Times of India'Bharat Jodo Yatra' enters Alappuzha district, Rahul Gandhi to meet 
youngstersKAYAMKULAM: The Congress' 'Bharat Jodo Yatra' led by Rahul Gandhi entered 
Alappuzha district on Saturday, the 7th day of its ongoing Kerala leg..17-Sept-2022","https://timesofindia.indiatimes.com/india/bharat-jodo-yatra-enters-alappuzha-district-rahul-gandhi-to-meet-youngsters/articleshow/94264797.cms","",""
"1682283372-127","https://www.google.com/search?q=Rahul+Gandhi+AND+Bharat+Jodo+Yatra&biw=1536&bih=750&sxsrf=APwXEdePAGf-mH6ciFczch5_WVmcGMW84A%3A1682283183464&source=lnt&tbs=cdr%3A1%2Ccd_min%3A9%2F7%2F2022%2Ccd_max%3A1%2F30%2F2023&tbm=nws","The Indian ExpressRahul Gandhi’s Bharat Jodo Yatra to enter Punjab today, will remain in 
state for 8 daysCongress leader Rahul Gandhi's Bharat Jodo Yatra will enter Punjab from 
Haryana on Tuesday evening through the Shambhu border. The yatra in Punjab 
will....10-Jan-2023","https://indianexpress.com/article/cities/chandigarh/rahul-gandhi-bharat-jodo-yatra-to-enter-punjab-8371016/","",""
"1682283375-128","https://www.google.com/search?q=Rahul+Gandhi+AND+Bharat+Jodo+Yatra&biw=1536&bih=750&sxsrf=APwXEdePAGf-mH6ciFczch5_WVmcGMW84A%3A1682283183464&source=lnt&tbs=cdr%3A1%2Ccd_min%3A9%2F7%2F2022%2Ccd_max%3A1%2F30%2F2023&tbm=nws","The HinduSecurity lapses during Rahul Gandhi’s Mysuru leg of Bharat Jodo Yatra, 
alleges Priyank KhargeSecurity lapses during Rahul Gandhi's Mysuru leg of Bharat Jodo Yatra, 
alleges Priyank Kharge ... Congress leader and KPCC communication wing head 
Priyank Kharge....03-Oct-2022","https://www.thehindu.com/news/national/karnataka/security-lapses-during-rahul-gandhis-mysuru-leg-of-bharat-jodo-yatra-alleges-priyank-kharge/article65966668.ece","7","https://www.google.com/search?q=Rahul+Gandhi+AND+Bharat+Jodo+Yatra&biw=1536&bih=750&tbs=cdr:1,cd_min:9/7/2022,cd_max:1/30/2023&tbm=nws&sxsrf=APwXEdca3ziOh4vpoEyKMiurg-piz7FWdg:1682283368019&ei=aJtFZIht8fWO4w-V_rGABA&start=60&sa=N&ved=2ahUKEwiIwb_08cD-AhXxumMGHRV_DEAQ8tMDegQIBBAO"
"1682283375-129","https://www.google.com/search?q=Rahul+Gandhi+AND+Bharat+Jodo+Yatra&biw=1536&bih=750&sxsrf=APwXEdePAGf-mH6ciFczch5_WVmcGMW84A%3A1682283183464&source=lnt&tbs=cdr%3A1%2Ccd_min%3A9%2F7%2F2022%2Ccd_max%3A1%2F30%2F2023&tbm=nws","Navbharat TimesBharat Jodo Yatra: राजस्थान में भारत जोड़ो यात्रा का डे-टू-डे प्रोग्राम, 
जानिए कहां कितने दिन रहेंगे राहुल गांधीRahul gandhi bharat jodo yatra in rajasthan : राहुल गांधी की भारत जोड़ो 
यात्रा का राजस्थान में प्रवेश 4....01-Dec-2022","https://navbharattimes.indiatimes.com/state/rajasthan/jaipur/rahul-gandhi-bharat-jodo-yatra-route-map-in-rajasthan/articleshow/95903592.cms","7","https://www.google.com/search?q=Rahul+Gandhi+AND+Bharat+Jodo+Yatra&biw=1536&bih=750&tbs=cdr:1,cd_min:9/7/2022,cd_max:1/30/2023&tbm=nws&sxsrf=APwXEdca3ziOh4vpoEyKMiurg-piz7FWdg:1682283368019&ei=aJtFZIht8fWO4w-V_rGABA&start=60&sa=N&ved=2ahUKEwiIwb_08cD-AhXxumMGHRV_DEAQ8tMDegQIBBAO"
"1682283375-130","https://www.google.com/search?q=Rahul+Gandhi+AND+Bharat+Jodo+Yatra&biw=1536&bih=750&sxsrf=APwXEdePAGf-mH6ciFczch5_WVmcGMW84A%3A1682283183464&source=lnt&tbs=cdr%3A1%2Ccd_min%3A9%2F7%2F2022%2Ccd_max%3A1%2F30%2F2023&tbm=nws","ThePrint100 days of Bharat Jodo Yatra: How Congress proposed and Rahul Gandhi 
disposedRahul Gandhi maintains that the Bharat Jodo Yatra is not for any political 
or personal interest, but against the politics of hate, fear and violence. 
The idea....19-Dec-2022","https://theprint.in/opinion/100-days-of-bharat-jodo-yatra-how-congress-proposed-and-rahul-gandhi-disposed/1271216/","7","https://www.google.com/search?q=Rahul+Gandhi+AND+Bharat+Jodo+Yatra&biw=1536&bih=750&tbs=cdr:1,cd_min:9/7/2022,cd_max:1/30/2023&tbm=nws&sxsrf=APwXEdca3ziOh4vpoEyKMiurg-piz7FWdg:1682283368019&ei=aJtFZIht8fWO4w-V_rGABA&start=60&sa=N&ved=2ahUKEwiIwb_08cD-AhXxumMGHRV_DEAQ8tMDegQIBBAO"
"1682283375-131","https://www.google.com/search?q=Rahul+Gandhi+AND+Bharat+Jodo+Yatra&biw=1536&bih=750&sxsrf=APwXEdePAGf-mH6ciFczch5_WVmcGMW84A%3A1682283183464&source=lnt&tbs=cdr%3A1%2Ccd_min%3A9%2F7%2F2022%2Ccd_max%3A1%2F30%2F2023&tbm=nws","Hindustan TimesKamal Haasan walks with Rahul Gandhi at Bharat Jodo Yatra, flashes thumbs upActor Kamal Haasan became the latest celebrity to join Congress leader 
Rahul Gandhi during his Bharat Jodo Yatra, ahead of New Delhi. He posted 
new pictures on....24-Dec-2022","https://www.hindustantimes.com/entertainment/bollywood/kamal-haasan-walks-with-rahul-gandhi-at-bharat-jodo-yatra-flashes-thumbs-up-101671895579703.html","7","https://www.google.com/search?q=Rahul+Gandhi+AND+Bharat+Jodo+Yatra&biw=1536&bih=750&tbs=cdr:1,cd_min:9/7/2022,cd_max:1/30/2023&tbm=nws&sxsrf=APwXEdca3ziOh4vpoEyKMiurg-piz7FWdg:1682283368019&ei=aJtFZIht8fWO4w-V_rGABA&start=60&sa=N&ved=2ahUKEwiIwb_08cD-AhXxumMGHRV_DEAQ8tMDegQIBBAO"
"1682283375-132","https://www.google.com/search?q=Rahul+Gandhi+AND+Bharat+Jodo+Yatra&biw=1536&bih=750&sxsrf=APwXEdePAGf-mH6ciFczch5_WVmcGMW84A%3A1682283183464&source=lnt&tbs=cdr%3A1%2Ccd_min%3A9%2F7%2F2022%2Ccd_max%3A1%2F30%2F2023&tbm=nws","The Indian ExpressAhead of Rahul Gandhi’s arrival for Bharat Jodo Yatra, posters outside 
Ludhiana Cong office say ‘1947 mein Bharat toda, 1984 mein samaaj’A day before Rahul Gandhi is scheduled to arrive in Ludhiana during the 
Punjab leg of his Bharat Jodo Yatra, posters appeared outside Congress 
Bhawan....12-Jan-2023","https://indianexpress.com/article/cities/chandigarh/rahul-gandhi-bharat-jodo-yatra-ludhiana-congress-8375918/","7","https://www.google.com/search?q=Rahul+Gandhi+AND+Bharat+Jodo+Yatra&biw=1536&bih=750&tbs=cdr:1,cd_min:9/7/2022,cd_max:1/30/2023&tbm=nws&sxsrf=APwXEdca3ziOh4vpoEyKMiurg-piz7FWdg:1682283368019&ei=aJtFZIht8fWO4w-V_rGABA&start=60&sa=N&ved=2ahUKEwiIwb_08cD-AhXxumMGHRV_DEAQ8tMDegQIBBAO"
"1682283375-133","https://www.google.com/search?q=Rahul+Gandhi+AND+Bharat+Jodo+Yatra&biw=1536&bih=750&sxsrf=APwXEdePAGf-mH6ciFczch5_WVmcGMW84A%3A1682283183464&source=lnt&tbs=cdr%3A1%2Ccd_min%3A9%2F7%2F2022%2Ccd_max%3A1%2F30%2F2023&tbm=nws","India TodayRahul Gandhi gets death threat before Bharat Jodo Yatra's entry into MPBy Ravish Pal Singh: Congress MP Rahul Gandhi received a death threat on 
Friday before Bharat Jodo Yatra's entry into the Hindi heartland state,....18-Nov-2022","https://www.indiatoday.in/india/story/rahul-gandhi-gets-death-threat-as-bharat-jodo-yatra-set-to-enter-mp-2298784-2022-11-18","7","https://www.google.com/search?q=Rahul+Gandhi+AND+Bharat+Jodo+Yatra&biw=1536&bih=750&tbs=cdr:1,cd_min:9/7/2022,cd_max:1/30/2023&tbm=nws&sxsrf=APwXEdca3ziOh4vpoEyKMiurg-piz7FWdg:1682283368019&ei=aJtFZIht8fWO4w-V_rGABA&start=60&sa=N&ved=2ahUKEwiIwb_08cD-AhXxumMGHRV_DEAQ8tMDegQIBBAO"
"1682283375-134","https://www.google.com/search?q=Rahul+Gandhi+AND+Bharat+Jodo+Yatra&biw=1536&bih=750&sxsrf=APwXEdePAGf-mH6ciFczch5_WVmcGMW84A%3A1682283183464&source=lnt&tbs=cdr%3A1%2Ccd_min%3A9%2F7%2F2022%2Ccd_max%3A1%2F30%2F2023&tbm=nws","NYOOOZSmriti Irani questions presence of certain people in Rahul-led ...Bilaspur, Nov 11 (PTI) Union minister Smriti Irani on Friday hit out at 
Congress leader Rahul Gandhi over his ongoing ""Bharat Jodo Yatra"", alleging 
people....11-Nov-2022","https://www.nyoooz.com/news/bilaspur/1704626/smriti-irani-questions-presence-of-certain-people-in-rahulled-bharat-jodo-yatra/","7","https://www.google.com/search?q=Rahul+Gandhi+AND+Bharat+Jodo+Yatra&biw=1536&bih=750&tbs=cdr:1,cd_min:9/7/2022,cd_max:1/30/2023&tbm=nws&sxsrf=APwXEdca3ziOh4vpoEyKMiurg-piz7FWdg:1682283368019&ei=aJtFZIht8fWO4w-V_rGABA&start=60&sa=N&ved=2ahUKEwiIwb_08cD-AhXxumMGHRV_DEAQ8tMDegQIBBAO"
"1682283375-135","https://www.google.com/search?q=Rahul+Gandhi+AND+Bharat+Jodo+Yatra&biw=1536&bih=750&sxsrf=APwXEdePAGf-mH6ciFczch5_WVmcGMW84A%3A1682283183464&source=lnt&tbs=cdr%3A1%2Ccd_min%3A9%2F7%2F2022%2Ccd_max%3A1%2F30%2F2023&tbm=nws","Khabar SattaElon Musk on Twitter Blue Tick: ट्विटर पर ‘ब्लू टिक’ के लिए हर महीने खर्च 
करने होंगे इतने पैसे; मस्क की घोषणाRahul Gandhi Char Minar. Bharat Jodo Yatra: राहुल गांधी ने 'चारमीनार' के 
सामने फहराया तिरंगा और राजीव....02-Nov-2022","https://khabarsatta.com/india/elon-musk-on-twitter-blue-tick-how-much-money-will-have-to-be-spent-every-month-for-blue-tick-on-twitter-musks-announcement/","7","https://www.google.com/search?q=Rahul+Gandhi+AND+Bharat+Jodo+Yatra&biw=1536&bih=750&tbs=cdr:1,cd_min:9/7/2022,cd_max:1/30/2023&tbm=nws&sxsrf=APwXEdca3ziOh4vpoEyKMiurg-piz7FWdg:1682283368019&ei=aJtFZIht8fWO4w-V_rGABA&start=60&sa=N&ved=2ahUKEwiIwb_08cD-AhXxumMGHRV_DEAQ8tMDegQIBBAO"
"1682283378-136","https://www.google.com/search?q=Rahul+Gandhi+AND+Bharat+Jodo+Yatra&biw=1536&bih=750&sxsrf=APwXEdePAGf-mH6ciFczch5_WVmcGMW84A%3A1682283183464&source=lnt&tbs=cdr%3A1%2Ccd_min%3A9%2F7%2F2022%2Ccd_max%3A1%2F30%2F2023&tbm=nws","Telegraph IndiaBharat Jodo Yatra in Maharashtra from November 7Congress leader Rahul Gandhi will address two rallies in Maharashtra - on 
November 10 and 18 - as part of his 'Bharat Jodo Yatra' that will arrive in 
the....05-Nov-2022","https://www.telegraphindia.com/india/bharat-jodo-yatra-in-maharashtra-from-november-7-rahul-gandhi-to-address-rallies-on-november-10-and-18/cid/1896335","6","https://www.google.com/search?q=Rahul+Gandhi+AND+Bharat+Jodo+Yatra&biw=1536&bih=750&tbs=cdr:1,cd_min:9/7/2022,cd_max:1/30/2023&tbm=nws&sxsrf=APwXEdca3ziOh4vpoEyKMiurg-piz7FWdg:1682283368019&ei=aJtFZIht8fWO4w-V_rGABA&start=50&sa=N&ved=2ahUKEwiIwb_08cD-AhXxumMGHRV_DEAQ8tMDegQIBBAM"
"1682283378-137","https://www.google.com/search?q=Rahul+Gandhi+AND+Bharat+Jodo+Yatra&biw=1536&bih=750&sxsrf=APwXEdePAGf-mH6ciFczch5_WVmcGMW84A%3A1682283183464&source=lnt&tbs=cdr%3A1%2Ccd_min%3A9%2F7%2F2022%2Ccd_max%3A1%2F30%2F2023&tbm=nws","Hindustan TimesRahul Gandhi walks with Swara Bhasker at Bharat Jodo Yatra in Ujjain. See 
picsThe Bharat Jodo Yatra commenced on September 7 from Kanyakumari in Tamil 
Nadu. Rahul Gandhi has completed the marathon walk in Tamil Nadu, Kerala, 
Karnataka,....01-Dec-2022","https://www.hindustantimes.com/entertainment/bollywood/rahul-gandhi-walks-with-swara-bhasker-at-bharat-jodo-yatra-in-ujjain-see-pics-101669868354706.html","6","https://www.google.com/search?q=Rahul+Gandhi+AND+Bharat+Jodo+Yatra&biw=1536&bih=750&tbs=cdr:1,cd_min:9/7/2022,cd_max:1/30/2023&tbm=nws&sxsrf=APwXEdca3ziOh4vpoEyKMiurg-piz7FWdg:1682283368019&ei=aJtFZIht8fWO4w-V_rGABA&start=50&sa=N&ved=2ahUKEwiIwb_08cD-AhXxumMGHRV_DEAQ8tMDegQIBBAM"
"1682283378-138","https://www.google.com/search?q=Rahul+Gandhi+AND+Bharat+Jodo+Yatra&biw=1536&bih=750&sxsrf=APwXEdePAGf-mH6ciFczch5_WVmcGMW84A%3A1682283183464&source=lnt&tbs=cdr%3A1%2Ccd_min%3A9%2F7%2F2022%2Ccd_max%3A1%2F30%2F2023&tbm=nws","The Indian ExpressSanjay Raut joins Bharat Jodo Yatra in Jammu, says only Rahul Gandhi can 
take on Modi in 2024The Shiv Sena leader says Rahul Gandhi's energy and enthusiasm are 
infectious and criticises Telangana Chandrashekar Rao for holding an 
Opposition unity meeting....20-Jan-2023","https://indianexpress.com/article/cities/pune/sanjay-raut-bharat-jodo-yatra-jammu-rahul-gandhi-8394151/","6","https://www.google.com/search?q=Rahul+Gandhi+AND+Bharat+Jodo+Yatra&biw=1536&bih=750&tbs=cdr:1,cd_min:9/7/2022,cd_max:1/30/2023&tbm=nws&sxsrf=APwXEdca3ziOh4vpoEyKMiurg-piz7FWdg:1682283368019&ei=aJtFZIht8fWO4w-V_rGABA&start=50&sa=N&ved=2ahUKEwiIwb_08cD-AhXxumMGHRV_DEAQ8tMDegQIBBAM"
"1682283378-139","https://www.google.com/search?q=Rahul+Gandhi+AND+Bharat+Jodo+Yatra&biw=1536&bih=750&sxsrf=APwXEdePAGf-mH6ciFczch5_WVmcGMW84A%3A1682283183464&source=lnt&tbs=cdr%3A1%2Ccd_min%3A9%2F7%2F2022%2Ccd_max%3A1%2F30%2F2023&tbm=nws","The Indian ExpressBharat Jodo Yatra: Rahul Gandhi meets unemployed youths; queries on scams, 
language woes loom largeAs his Bharat Jodo Yatra passed through Karnataka's Chitradurga district, 
Congress leader Rahul Gandhi on Wednesday held an interaction with youths 
and....12-Oct-2022","https://indianexpress.com/article/cities/bangalore/bharat-jodo-yatra-rahul-gandhi-meets-unemployed-youths-8204833/","6","https://www.google.com/search?q=Rahul+Gandhi+AND+Bharat+Jodo+Yatra&biw=1536&bih=750&tbs=cdr:1,cd_min:9/7/2022,cd_max:1/30/2023&tbm=nws&sxsrf=APwXEdca3ziOh4vpoEyKMiurg-piz7FWdg:1682283368019&ei=aJtFZIht8fWO4w-V_rGABA&start=50&sa=N&ved=2ahUKEwiIwb_08cD-AhXxumMGHRV_DEAQ8tMDegQIBBAM"
"1682283378-140","https://www.google.com/search?q=Rahul+Gandhi+AND+Bharat+Jodo+Yatra&biw=1536&bih=750&sxsrf=APwXEdePAGf-mH6ciFczch5_WVmcGMW84A%3A1682283183464&source=lnt&tbs=cdr%3A1%2Ccd_min%3A9%2F7%2F2022%2Ccd_max%3A1%2F30%2F2023&tbm=nws","Zee NewsRahul Gandhi: भारत जोड़ो यात्रा का Twitter पर भी असर, राहुल के Followers 
में हुआ 1000000 का इज़ाफाRahul Gandhi Bharat Jodo Yatra: कांग्रेस पार्टी के पूर्व अध्यक्ष राहुल 
गांधी इन दिनों भारत जोड़ो....27-Dec-2022","https://zeenews.india.com/hindi/zeesalaam/news/rahul-gandhi-twitter-followers-increased-during-bharat-jodo-yatra/1503389","6","https://www.google.com/search?q=Rahul+Gandhi+AND+Bharat+Jodo+Yatra&biw=1536&bih=750&tbs=cdr:1,cd_min:9/7/2022,cd_max:1/30/2023&tbm=nws&sxsrf=APwXEdca3ziOh4vpoEyKMiurg-piz7FWdg:1682283368019&ei=aJtFZIht8fWO4w-V_rGABA&start=50&sa=N&ved=2ahUKEwiIwb_08cD-AhXxumMGHRV_DEAQ8tMDegQIBBAM"
"1682283378-141","https://www.google.com/search?q=Rahul+Gandhi+AND+Bharat+Jodo+Yatra&biw=1536&bih=750&sxsrf=APwXEdePAGf-mH6ciFczch5_WVmcGMW84A%3A1682283183464&source=lnt&tbs=cdr%3A1%2Ccd_min%3A9%2F7%2F2022%2Ccd_max%3A1%2F30%2F2023&tbm=nws","JagranBharat Jodo Yatra राहुल गांधी ने वाशिम जिले से शुरू की भारत जोड़ो यात्रा 
शामिल हुए पार्टी नेता और कार्यकर्..सचिन पायलट ने पहले भी भारत जोड़ो यात्रा में शिरकत की थी। इससे पहले मंगलवार 
को पार्टी के....16-Nov-2022","https://www.jagran.com/politics/national-rahul-gandhi-started-bharat-jodo-yatra-from-washim-district-in-maharastra-23207216.html","6","https://www.google.com/search?q=Rahul+Gandhi+AND+Bharat+Jodo+Yatra&biw=1536&bih=750&tbs=cdr:1,cd_min:9/7/2022,cd_max:1/30/2023&tbm=nws&sxsrf=APwXEdca3ziOh4vpoEyKMiurg-piz7FWdg:1682283368019&ei=aJtFZIht8fWO4w-V_rGABA&start=50&sa=N&ved=2ahUKEwiIwb_08cD-AhXxumMGHRV_DEAQ8tMDegQIBBAM"
"1682283378-142","https://www.google.com/search?q=Rahul+Gandhi+AND+Bharat+Jodo+Yatra&biw=1536&bih=750&sxsrf=APwXEdePAGf-mH6ciFczch5_WVmcGMW84A%3A1682283183464&source=lnt&tbs=cdr%3A1%2Ccd_min%3A9%2F7%2F2022%2Ccd_max%3A1%2F30%2F2023&tbm=nws","The HinduBharat Jodo Yatra to take a nine-day breakBharat Jodo Yatris will take a break on December 25 and resume on January 
3, 2023 ... The Bharat Jodo Yatra will take a nine-day break in Delhi, 
halting for....09-Dec-2022","https://www.thehindu.com/news/national/bharat-jodo-yatra-to-take-a-nine-day-break/article66243342.ece","6","https://www.google.com/search?q=Rahul+Gandhi+AND+Bharat+Jodo+Yatra&biw=1536&bih=750&tbs=cdr:1,cd_min:9/7/2022,cd_max:1/30/2023&tbm=nws&sxsrf=APwXEdca3ziOh4vpoEyKMiurg-piz7FWdg:1682283368019&ei=aJtFZIht8fWO4w-V_rGABA&start=50&sa=N&ved=2ahUKEwiIwb_08cD-AhXxumMGHRV_DEAQ8tMDegQIBBAM"
"1682283378-143","https://www.google.com/search?q=Rahul+Gandhi+AND+Bharat+Jodo+Yatra&biw=1536&bih=750&sxsrf=APwXEdePAGf-mH6ciFczch5_WVmcGMW84A%3A1682283183464&source=lnt&tbs=cdr%3A1%2Ccd_min%3A9%2F7%2F2022%2Ccd_max%3A1%2F30%2F2023&tbm=nws","Hindustan TimesRahul steps up attack on BJP as Bharat Jodo Yatra reaches Jammu and KashmirCongress leader Rahul Gandhi on Thursday launched a scathing attack on the 
BJP and the RSS, accusing them of creating an atmosphere of hatred, 
violence and fear....20-Jan-2023","https://www.hindustantimes.com/india-news/rahul-steps-up-attack-on-bjp-as-bharat-jodo-yatra-reaches-jammu-and-kashmir-101674155229827.html","6","https://www.google.com/search?q=Rahul+Gandhi+AND+Bharat+Jodo+Yatra&biw=1536&bih=750&tbs=cdr:1,cd_min:9/7/2022,cd_max:1/30/2023&tbm=nws&sxsrf=APwXEdca3ziOh4vpoEyKMiurg-piz7FWdg:1682283368019&ei=aJtFZIht8fWO4w-V_rGABA&start=50&sa=N&ved=2ahUKEwiIwb_08cD-AhXxumMGHRV_DEAQ8tMDegQIBBAM"
"1682283378-144","https://www.google.com/search?q=Rahul+Gandhi+AND+Bharat+Jodo+Yatra&biw=1536&bih=750&sxsrf=APwXEdePAGf-mH6ciFczch5_WVmcGMW84A%3A1682283183464&source=lnt&tbs=cdr%3A1%2Ccd_min%3A9%2F7%2F2022%2Ccd_max%3A1%2F30%2F2023&tbm=nws","India TodayRahul Gandhi’s Bharat Jodo Yatra - The audacity of hope | OPINIONThe official Bharat Jodo Yatra as stated by the official Bharat Jodo 
Twitter handle says that it is a padayatra from Kanyakumari to Kashmir to 
unite our nation....13-Dec-2022","https://www.indiatoday.in/opinion-columns/story/rahul-gandhis-bharat-jodo-yatra-the-audacity-of-hope-opinion-2308534-2022-12-13","6","https://www.google.com/search?q=Rahul+Gandhi+AND+Bharat+Jodo+Yatra&biw=1536&bih=750&tbs=cdr:1,cd_min:9/7/2022,cd_max:1/30/2023&tbm=nws&sxsrf=APwXEdca3ziOh4vpoEyKMiurg-piz7FWdg:1682283368019&ei=aJtFZIht8fWO4w-V_rGABA&start=50&sa=N&ved=2ahUKEwiIwb_08cD-AhXxumMGHRV_DEAQ8tMDegQIBBAM"
"1682283378-145","https://www.google.com/search?q=Rahul+Gandhi+AND+Bharat+Jodo+Yatra&biw=1536&bih=750&sxsrf=APwXEdePAGf-mH6ciFczch5_WVmcGMW84A%3A1682283183464&source=lnt&tbs=cdr%3A1%2Ccd_min%3A9%2F7%2F2022%2Ccd_max%3A1%2F30%2F2023&tbm=nws","Times Now Navbharat Hindi NewsBharat Jodo Yatra: राहुल गांधी ने पहनी 41,257 रुपये की टी-शर्ट? BJP का 
खुलासा; कांग्रेस का पलटवार, पूछा- घबरा गए क्या?क्योंकि कांग्रेस की इस यात्रा को लोगों का जबरदस्त समर्थन मिल रहा है। Rahul 
gandhi, Rahul gandhi t shirt,....09-Sept-2022","https://www.timesnowhindi.com/india/article/rahul-gandhi-wear-t-shirt-cost-is-40000-in-bharat-jodo-yatra-said-bjp/439885","6","https://www.google.com/search?q=Rahul+Gandhi+AND+Bharat+Jodo+Yatra&biw=1536&bih=750&tbs=cdr:1,cd_min:9/7/2022,cd_max:1/30/2023&tbm=nws&sxsrf=APwXEdca3ziOh4vpoEyKMiurg-piz7FWdg:1682283368019&ei=aJtFZIht8fWO4w-V_rGABA&start=50&sa=N&ved=2ahUKEwiIwb_08cD-AhXxumMGHRV_DEAQ8tMDegQIBBAM"
"1682283380-146","https://www.google.com/search?q=Rahul+Gandhi+AND+Bharat+Jodo+Yatra&biw=1536&bih=750&sxsrf=APwXEdePAGf-mH6ciFczch5_WVmcGMW84A%3A1682283183464&source=lnt&tbs=cdr%3A1%2Ccd_min%3A9%2F7%2F2022%2Ccd_max%3A1%2F30%2F2023&tbm=nws","Tribune IndiaGrand welcome planned for Rahul Gandhi's 'Bharat Jodo Yatra' at IndoraChief Minister Sukhvinder Singh Sukhu along with his Cabinet colleagues, 
all Congress MLAs and HPCC chief Pratibha Singh will receive and welcome 
Rahul Gandhi's....14-Jan-2023","https://www.tribuneindia.com/news/himachal/grand-welcome-planned-for-rahuls-yatra-at-indora-470307","5","https://www.google.com/search?q=Rahul+Gandhi+AND+Bharat+Jodo+Yatra&biw=1536&bih=750&tbs=cdr:1,cd_min:9/7/2022,cd_max:1/30/2023&tbm=nws&sxsrf=APwXEdca3ziOh4vpoEyKMiurg-piz7FWdg:1682283368019&ei=aJtFZIht8fWO4w-V_rGABA&start=40&sa=N&ved=2ahUKEwiIwb_08cD-AhXxumMGHRV_DEAQ8tMDegQIBBAK"
"1682283380-147","https://www.google.com/search?q=Rahul+Gandhi+AND+Bharat+Jodo+Yatra&biw=1536&bih=750&sxsrf=APwXEdePAGf-mH6ciFczch5_WVmcGMW84A%3A1682283183464&source=lnt&tbs=cdr%3A1%2Ccd_min%3A9%2F7%2F2022%2Ccd_max%3A1%2F30%2F2023&tbm=nws","The Economic TimesBharat Jodo Yatra enters Malappuram in Kerala; More than 100 party workers 
join Rahul GandhiThe yatra commenced from Pulamanthole junction in this northern district of 
the state in the morning after it had ended for the day on Monday at Koppam 
in....27-Sept-2022","https://economictimes.indiatimes.com/news/politics-and-nation/bharat-jodo-yatra-enters-malappuram-in-kerala/articleshow/94472967.cms","5","https://www.google.com/search?q=Rahul+Gandhi+AND+Bharat+Jodo+Yatra&biw=1536&bih=750&tbs=cdr:1,cd_min:9/7/2022,cd_max:1/30/2023&tbm=nws&sxsrf=APwXEdca3ziOh4vpoEyKMiurg-piz7FWdg:1682283368019&ei=aJtFZIht8fWO4w-V_rGABA&start=40&sa=N&ved=2ahUKEwiIwb_08cD-AhXxumMGHRV_DEAQ8tMDegQIBBAK"
"1682283380-148","https://www.google.com/search?q=Rahul+Gandhi+AND+Bharat+Jodo+Yatra&biw=1536&bih=750&sxsrf=APwXEdePAGf-mH6ciFczch5_WVmcGMW84A%3A1682283183464&source=lnt&tbs=cdr%3A1%2Ccd_min%3A9%2F7%2F2022%2Ccd_max%3A1%2F30%2F2023&tbm=nws","Aaj TakRahul Gandhi Bharat Jodo Yatra: भारत जोड़ो यात्रा पर राहुल गांधी का फ्यूचर 
प्लान, विदेश से रक्षा नीति पर रखी अपनी बातRahul Gandhi held a press conference regarding the Bharat Jodo Yatra. He 
said that Bharat Jodo Yatra is against the increasing hatred, fear and 
violence in the....31-Dec-2022","https://www.aajtak.in/india/news/video/congress-bharat-jodo-yatra-rahul-gandhi-shares-future-plan-and-jibes-at-modi-government-talks-on-national-and-foreign-policy-1606004-2022-12-31","5","https://www.google.com/search?q=Rahul+Gandhi+AND+Bharat+Jodo+Yatra&biw=1536&bih=750&tbs=cdr:1,cd_min:9/7/2022,cd_max:1/30/2023&tbm=nws&sxsrf=APwXEdca3ziOh4vpoEyKMiurg-piz7FWdg:1682283368019&ei=aJtFZIht8fWO4w-V_rGABA&start=40&sa=N&ved=2ahUKEwiIwb_08cD-AhXxumMGHRV_DEAQ8tMDegQIBBAK"
"1682283380-149","https://www.google.com/search?q=Rahul+Gandhi+AND+Bharat+Jodo+Yatra&biw=1536&bih=750&sxsrf=APwXEdePAGf-mH6ciFczch5_WVmcGMW84A%3A1682283183464&source=lnt&tbs=cdr%3A1%2Ccd_min%3A9%2F7%2F2022%2Ccd_max%3A1%2F30%2F2023&tbm=nws","AmarujalaBharat Jodo Yatra: पवित्र ब्रह्मसरोवर पर जाकर की आरती, धर्मनगरी से 
कांग्रेसियों को कर्म का संदेश दे गए राहुलBharat Jodo Yatra in Haryana Live News in Hindi: कांग्रेस की....08-Jan-2023","https://www.amarujala.com/live/chandigarh/bharat-jodo-yatra-live-updates-rahul-gandhi-in-karnal-kurukshetra-haryana-news-in-hindi","5","https://www.google.com/search?q=Rahul+Gandhi+AND+Bharat+Jodo+Yatra&biw=1536&bih=750&tbs=cdr:1,cd_min:9/7/2022,cd_max:1/30/2023&tbm=nws&sxsrf=APwXEdca3ziOh4vpoEyKMiurg-piz7FWdg:1682283368019&ei=aJtFZIht8fWO4w-V_rGABA&start=40&sa=N&ved=2ahUKEwiIwb_08cD-AhXxumMGHRV_DEAQ8tMDegQIBBAK"
"1682283380-150","https://www.google.com/search?q=Rahul+Gandhi+AND+Bharat+Jodo+Yatra&biw=1536&bih=750&sxsrf=APwXEdePAGf-mH6ciFczch5_WVmcGMW84A%3A1682283183464&source=lnt&tbs=cdr%3A1%2Ccd_min%3A9%2F7%2F2022%2Ccd_max%3A1%2F30%2F2023&tbm=nws","Tribune IndiaRahul Gandhi’s Bharat Jodo Yatra to be in Punjab for 10 days: Congress 
state unit chief Raja WarringRahul Gandhi's Bharat Jodo Yatra will begin its Punjab leg in the first 
week of January and will be in the state for around 10 days before entering 
Jammu....12-Dec-2022","https://www.tribuneindia.com/news/punjab/rahul-gandhis-bharat-jodo-yatra-to-be-in-punjab-for-10-days-congress-state-unit-chief-raja-warring-460291","5","https://www.google.com/search?q=Rahul+Gandhi+AND+Bharat+Jodo+Yatra&biw=1536&bih=750&tbs=cdr:1,cd_min:9/7/2022,cd_max:1/30/2023&tbm=nws&sxsrf=APwXEdca3ziOh4vpoEyKMiurg-piz7FWdg:1682283368019&ei=aJtFZIht8fWO4w-V_rGABA&start=40&sa=N&ved=2ahUKEwiIwb_08cD-AhXxumMGHRV_DEAQ8tMDegQIBBAK"
"1682283380-151","https://www.google.com/search?q=Rahul+Gandhi+AND+Bharat+Jodo+Yatra&biw=1536&bih=750&sxsrf=APwXEdePAGf-mH6ciFczch5_WVmcGMW84A%3A1682283183464&source=lnt&tbs=cdr%3A1%2Ccd_min%3A9%2F7%2F2022%2Ccd_max%3A1%2F30%2F2023&tbm=nws","ThePrintTV reduced Rahul Gandhi’s Gujarat rally to a sound bite, no space for 
Bharat Jodo YatraWe don't know if the Bharat Jodo Yatra will todo the BJP's stranglehold on 
Indian politics. But the Congress and Rahul Gandhi's relationship with 
broadcast news....24-Nov-2022","https://theprint.in/opinion/telescope/tv-reduced-rahul-gandhis-gujarat-rally-to-a-sound-bite-no-space-for-bharat-jodo-yatra/1232066/","5","https://www.google.com/search?q=Rahul+Gandhi+AND+Bharat+Jodo+Yatra&biw=1536&bih=750&tbs=cdr:1,cd_min:9/7/2022,cd_max:1/30/2023&tbm=nws&sxsrf=APwXEdca3ziOh4vpoEyKMiurg-piz7FWdg:1682283368019&ei=aJtFZIht8fWO4w-V_rGABA&start=40&sa=N&ved=2ahUKEwiIwb_08cD-AhXxumMGHRV_DEAQ8tMDegQIBBAK"
"1682283380-152","https://www.google.com/search?q=Rahul+Gandhi+AND+Bharat+Jodo+Yatra&biw=1536&bih=750&sxsrf=APwXEdePAGf-mH6ciFczch5_WVmcGMW84A%3A1682283183464&source=lnt&tbs=cdr%3A1%2Ccd_min%3A9%2F7%2F2022%2Ccd_max%3A1%2F30%2F2023&tbm=nws","ABP Newsराहुल गांधी की भारत जोड़ो यात्रा का तेलंगाना में चौथा दिन, ये अभिनेत्री भी 
हुईंBharat Jodo Yatra: कांग्रेस नेता राहुल गांधी के नेतृत्व में 7 सितंबर से 
शुरू की गई भारत जोड़ो....29-Oct-2022","https://www.abplive.com/news/india/congress-rahul-gandhi-bharat-jodo-yatra-started-from-dharampur-in-telangana-2247839","5","https://www.google.com/search?q=Rahul+Gandhi+AND+Bharat+Jodo+Yatra&biw=1536&bih=750&tbs=cdr:1,cd_min:9/7/2022,cd_max:1/30/2023&tbm=nws&sxsrf=APwXEdca3ziOh4vpoEyKMiurg-piz7FWdg:1682283368019&ei=aJtFZIht8fWO4w-V_rGABA&start=40&sa=N&ved=2ahUKEwiIwb_08cD-AhXxumMGHRV_DEAQ8tMDegQIBBAK"
"1682283380-153","https://www.google.com/search?q=Rahul+Gandhi+AND+Bharat+Jodo+Yatra&biw=1536&bih=750&sxsrf=APwXEdePAGf-mH6ciFczch5_WVmcGMW84A%3A1682283183464&source=lnt&tbs=cdr%3A1%2Ccd_min%3A9%2F7%2F2022%2Ccd_max%3A1%2F30%2F2023&tbm=nws","Navbharat TimesRahul Gandhi Bharat Jodo Yatra : कांग्रेस की भारत जोड़ो यात्रा ...Rahul Gandhi Bharat Jodo Yatra : कांग्रेस की भारत जोड़ो यात्रा में पैदल चल 
रहे लोग नहाना-धोना,....17-Sept-2022","https://navbharattimes.indiatimes.com/video/news/rahul-gandhi-bharat-jodo-yatra-plan-schedule-daily-routine-and-how-much-everyone-walks-everyday/videoshow/94268263.cms","5","https://www.google.com/search?q=Rahul+Gandhi+AND+Bharat+Jodo+Yatra&biw=1536&bih=750&tbs=cdr:1,cd_min:9/7/2022,cd_max:1/30/2023&tbm=nws&sxsrf=APwXEdca3ziOh4vpoEyKMiurg-piz7FWdg:1682283368019&ei=aJtFZIht8fWO4w-V_rGABA&start=40&sa=N&ved=2ahUKEwiIwb_08cD-AhXxumMGHRV_DEAQ8tMDegQIBBAK"
"1682283380-154","https://www.google.com/search?q=Rahul+Gandhi+AND+Bharat+Jodo+Yatra&biw=1536&bih=750&sxsrf=APwXEdePAGf-mH6ciFczch5_WVmcGMW84A%3A1682283183464&source=lnt&tbs=cdr%3A1%2Ccd_min%3A9%2F7%2F2022%2Ccd_max%3A1%2F30%2F2023&tbm=nws","The CaravanRahul Gandhi's Bharat Jodo Yatra means little in the face of ...For the moment, the party is focussed on the Bharat Jodo Yatra, which has 
the advantage of showcasing Rahul's attributes—such as his earnestness 
and....28-Oct-2022","https://caravanmagazine.in/politics/bharat-jodo-yatra-sideshow","5","https://www.google.com/search?q=Rahul+Gandhi+AND+Bharat+Jodo+Yatra&biw=1536&bih=750&tbs=cdr:1,cd_min:9/7/2022,cd_max:1/30/2023&tbm=nws&sxsrf=APwXEdca3ziOh4vpoEyKMiurg-piz7FWdg:1682283368019&ei=aJtFZIht8fWO4w-V_rGABA&start=40&sa=N&ved=2ahUKEwiIwb_08cD-AhXxumMGHRV_DEAQ8tMDegQIBBAK"
"1682283380-155","https://www.google.com/search?q=Rahul+Gandhi+AND+Bharat+Jodo+Yatra&biw=1536&bih=750&sxsrf=APwXEdePAGf-mH6ciFczch5_WVmcGMW84A%3A1682283183464&source=lnt&tbs=cdr%3A1%2Ccd_min%3A9%2F7%2F2022%2Ccd_max%3A1%2F30%2F2023&tbm=nws","AmarujalaBharat Jodo Yatra: राहुल की भारत जोड़ो यात्रा को अपार समर्थन, आज रायचूर से 
फिर शुरू हुई, कल तेलंगाना प्रवेशतमिलनाडु, केरल, कर्नाटक, आंधप्रदेश को यह कवर कर चुकी है। Rahul resumes 
Bharat Jodo Yatra from Raichur today, know....22-Oct-2022","https://www.amarujala.com/india-news/rahul-resumes-bharat-jodo-yatra-from-raichur-today-know-all-updates","5","https://www.google.com/search?q=Rahul+Gandhi+AND+Bharat+Jodo+Yatra&biw=1536&bih=750&tbs=cdr:1,cd_min:9/7/2022,cd_max:1/30/2023&tbm=nws&sxsrf=APwXEdca3ziOh4vpoEyKMiurg-piz7FWdg:1682283368019&ei=aJtFZIht8fWO4w-V_rGABA&start=40&sa=N&ved=2ahUKEwiIwb_08cD-AhXxumMGHRV_DEAQ8tMDegQIBBAK"
"1682283382-156","https://www.google.com/search?q=Rahul+Gandhi+AND+Bharat+Jodo+Yatra&biw=1536&bih=750&sxsrf=APwXEdePAGf-mH6ciFczch5_WVmcGMW84A%3A1682283183464&source=lnt&tbs=cdr%3A1%2Ccd_min%3A9%2F7%2F2022%2Ccd_max%3A1%2F30%2F2023&tbm=nws","India TodayRahul Gandhi is coming face to face with India on Bharat Jodo Yatra. What 
will he make of it?On the Bharat Jodo Yatra trail, Gandhi is, on a daily basis, coming face to 
face with those who hold the key to his political future -- the people of 
India. He....09-Nov-2022","https://www.indiatoday.in/news-analysis/story/rahul-gandhi-bharat-jodo-yatra-opportunity-2295174-2022-11-09","4","https://www.google.com/search?q=Rahul+Gandhi+AND+Bharat+Jodo+Yatra&biw=1536&bih=750&tbs=cdr:1,cd_min:9/7/2022,cd_max:1/30/2023&tbm=nws&sxsrf=APwXEdca3ziOh4vpoEyKMiurg-piz7FWdg:1682283368019&ei=aJtFZIht8fWO4w-V_rGABA&start=30&sa=N&ved=2ahUKEwiIwb_08cD-AhXxumMGHRV_DEAQ8tMDegQIBBAI"
"1682283382-157","https://www.google.com/search?q=Rahul+Gandhi+AND+Bharat+Jodo+Yatra&biw=1536&bih=750&sxsrf=APwXEdePAGf-mH6ciFczch5_WVmcGMW84A%3A1682283183464&source=lnt&tbs=cdr%3A1%2Ccd_min%3A9%2F7%2F2022%2Ccd_max%3A1%2F30%2F2023&tbm=nws","The Indian ExpressGlimpses of Bharat Jodo Yatra as Rahul Gandhi-led march wraps up 
Maharashtra legThe Bharat Jodo Yatra started on September 7 from Kanyakumari in Tamil 
Nadu. It entered Maharashtra on November 7 and covered Nanded, Hingoli, 
Washim, Akola and....20-Nov-2022","https://indianexpress.com/article/india/congress-bharat-jodo-yatra-rahul-gandhi-photos-8278856/","4","https://www.google.com/search?q=Rahul+Gandhi+AND+Bharat+Jodo+Yatra&biw=1536&bih=750&tbs=cdr:1,cd_min:9/7/2022,cd_max:1/30/2023&tbm=nws&sxsrf=APwXEdca3ziOh4vpoEyKMiurg-piz7FWdg:1682283368019&ei=aJtFZIht8fWO4w-V_rGABA&start=30&sa=N&ved=2ahUKEwiIwb_08cD-AhXxumMGHRV_DEAQ8tMDegQIBBAI"
"1682283382-158","https://www.google.com/search?q=Rahul+Gandhi+AND+Bharat+Jodo+Yatra&biw=1536&bih=750&sxsrf=APwXEdePAGf-mH6ciFczch5_WVmcGMW84A%3A1682283183464&source=lnt&tbs=cdr%3A1%2Ccd_min%3A9%2F7%2F2022%2Ccd_max%3A1%2F30%2F2023&tbm=nws","The Indian ExpressPunjab leg of Bharat Jodo Yatra enters its sixth dayRahul began yatra in Punjab from Sirhind on January 11 after paying 
obeisance at historical gurdwara in Fatehgarh Sahib. The next day, there 
was only morning....17-Jan-2023","https://indianexpress.com/article/cities/chandigarh/punjab-leg-bharat-jodo-yatra-enters-sixth-day-8386047/","4","https://www.google.com/search?q=Rahul+Gandhi+AND+Bharat+Jodo+Yatra&biw=1536&bih=750&tbs=cdr:1,cd_min:9/7/2022,cd_max:1/30/2023&tbm=nws&sxsrf=APwXEdca3ziOh4vpoEyKMiurg-piz7FWdg:1682283368019&ei=aJtFZIht8fWO4w-V_rGABA&start=30&sa=N&ved=2ahUKEwiIwb_08cD-AhXxumMGHRV_DEAQ8tMDegQIBBAI"
"1682283382-159","https://www.google.com/search?q=Rahul+Gandhi+AND+Bharat+Jodo+Yatra&biw=1536&bih=750&sxsrf=APwXEdePAGf-mH6ciFczch5_WVmcGMW84A%3A1682283183464&source=lnt&tbs=cdr%3A1%2Ccd_min%3A9%2F7%2F2022%2Ccd_max%3A1%2F30%2F2023&tbm=nws","AmarujalaBharat Jodo Yatra: भारत जोड़ो यात्रा की 10 तस्वीरें, जिनके कारण हो रही राहुल 
गांधी की चर्चाराहुल गांधी इस यात्रा का नेतृत्व कर रहे हैं। 150 दिन तक चलने वाली यह यात्रा 
12 राज्यों से....08-Oct-2022","https://www.amarujala.com/photo-gallery/india-news/bharat-jodo-yatra-10-pictures-of-rahul-gandhi-of-bharat-jodo-yatra","4","https://www.google.com/search?q=Rahul+Gandhi+AND+Bharat+Jodo+Yatra&biw=1536&bih=750&tbs=cdr:1,cd_min:9/7/2022,cd_max:1/30/2023&tbm=nws&sxsrf=APwXEdca3ziOh4vpoEyKMiurg-piz7FWdg:1682283368019&ei=aJtFZIht8fWO4w-V_rGABA&start=30&sa=N&ved=2ahUKEwiIwb_08cD-AhXxumMGHRV_DEAQ8tMDegQIBBAI"
"1682283382-160","https://www.google.com/search?q=Rahul+Gandhi+AND+Bharat+Jodo+Yatra&biw=1536&bih=750&sxsrf=APwXEdePAGf-mH6ciFczch5_WVmcGMW84A%3A1682283183464&source=lnt&tbs=cdr%3A1%2Ccd_min%3A9%2F7%2F2022%2Ccd_max%3A1%2F30%2F2023&tbm=nws","ABP NewsBharat Jodo Yatra: राहुल गांधी की 'भारत जोड़ो यात्रा' का केरल में चौथा दिन 
समाप्त, एक दिन कीRahul Gandhi Bharat Jodo Yatra: कांग्रेस के पूर्व अध्यक्ष राहुल गांधी 
(Rahul Gandhi) के नेतृत्व भारत जोड़ो....15-Sept-2022","https://www.abplive.com/news/india/rahul-gandhi-bharat-jodo-yatra-4th-day-of-kerala-ends-padayatra-will-start-on-friday-after-a-day-off-2215847","4","https://www.google.com/search?q=Rahul+Gandhi+AND+Bharat+Jodo+Yatra&biw=1536&bih=750&tbs=cdr:1,cd_min:9/7/2022,cd_max:1/30/2023&tbm=nws&sxsrf=APwXEdca3ziOh4vpoEyKMiurg-piz7FWdg:1682283368019&ei=aJtFZIht8fWO4w-V_rGABA&start=30&sa=N&ved=2ahUKEwiIwb_08cD-AhXxumMGHRV_DEAQ8tMDegQIBBAI"
"1682283382-161","https://www.google.com/search?q=Rahul+Gandhi+AND+Bharat+Jodo+Yatra&biw=1536&bih=750&sxsrf=APwXEdePAGf-mH6ciFczch5_WVmcGMW84A%3A1682283183464&source=lnt&tbs=cdr%3A1%2Ccd_min%3A9%2F7%2F2022%2Ccd_max%3A1%2F30%2F2023&tbm=nws","ABP NewsBharat Jodo Yatra: महाकाल मंदिर के दर्शन के बाद राहुल गांधी बोले- बीजेपी 
भगवान की पूजा करतेंShare: Bharat Jodo Yatra: कांग्रेस नेता राहुल गांधी (Rahul Gandhi) की 
अगुवाई में भारत जोड़ो....30-Nov-2022","https://www.abplive.com/news/india/bharat-jodo-yatra-after-visiting-the-mahakal-temple-rahul-gandhi-said-bjp-worships-god-but-congress-ujjain-sonia-gandhi-2270782","4","https://www.google.com/search?q=Rahul+Gandhi+AND+Bharat+Jodo+Yatra&biw=1536&bih=750&tbs=cdr:1,cd_min:9/7/2022,cd_max:1/30/2023&tbm=nws&sxsrf=APwXEdca3ziOh4vpoEyKMiurg-piz7FWdg:1682283368019&ei=aJtFZIht8fWO4w-V_rGABA&start=30&sa=N&ved=2ahUKEwiIwb_08cD-AhXxumMGHRV_DEAQ8tMDegQIBBAI"
"1682283382-162","https://www.google.com/search?q=Rahul+Gandhi+AND+Bharat+Jodo+Yatra&biw=1536&bih=750&sxsrf=APwXEdePAGf-mH6ciFczch5_WVmcGMW84A%3A1682283183464&source=lnt&tbs=cdr%3A1%2Ccd_min%3A9%2F7%2F2022%2Ccd_max%3A1%2F30%2F2023&tbm=nws","Outlook India100 Days Of Bharat Jodo Yatra: Rahul Gandhi, Leaders Walk On Road To 
Congress Revival100 Days Of Bharat Jodo Yatra: Rahul Gandhi, Leaders Walk On Road To 
Congress Revival ... With over 2,800 km under his belt, Gandhi has managed 
to catch the....15-Dec-2022","https://www.outlookindia.com/national/100-days-of-bharat-jodo-yatra-rahul-gandhi-leaders-walk-on-road-to-congress-revival-news-245215","4","https://www.google.com/search?q=Rahul+Gandhi+AND+Bharat+Jodo+Yatra&biw=1536&bih=750&tbs=cdr:1,cd_min:9/7/2022,cd_max:1/30/2023&tbm=nws&sxsrf=APwXEdca3ziOh4vpoEyKMiurg-piz7FWdg:1682283368019&ei=aJtFZIht8fWO4w-V_rGABA&start=30&sa=N&ved=2ahUKEwiIwb_08cD-AhXxumMGHRV_DEAQ8tMDegQIBBAI"
"1682283382-163","https://www.google.com/search?q=Rahul+Gandhi+AND+Bharat+Jodo+Yatra&biw=1536&bih=750&sxsrf=APwXEdePAGf-mH6ciFczch5_WVmcGMW84A%3A1682283183464&source=lnt&tbs=cdr%3A1%2Ccd_min%3A9%2F7%2F2022%2Ccd_max%3A1%2F30%2F2023&tbm=nws","ThePrint“Dogs, cows, pigs came in Bharat Jodo Yatra…” Rahul Gandhi at Red FortNew Delhi [India], December 24 (ANI): Congress leader Rahul Gandhi who is 
leading the party's Bharat Jodo Yatra, on Saturday said that the march has 
been a....24-Dec-2022","https://theprint.in/politics/dogs-cows-pigs-came-in-bharat-jodo-yatra-rahul-gandhi-at-red-fort/1280838/","4","https://www.google.com/search?q=Rahul+Gandhi+AND+Bharat+Jodo+Yatra&biw=1536&bih=750&tbs=cdr:1,cd_min:9/7/2022,cd_max:1/30/2023&tbm=nws&sxsrf=APwXEdca3ziOh4vpoEyKMiurg-piz7FWdg:1682283368019&ei=aJtFZIht8fWO4w-V_rGABA&start=30&sa=N&ved=2ahUKEwiIwb_08cD-AhXxumMGHRV_DEAQ8tMDegQIBBAI"
"1682283382-164","https://www.google.com/search?q=Rahul+Gandhi+AND+Bharat+Jodo+Yatra&biw=1536&bih=750&sxsrf=APwXEdePAGf-mH6ciFczch5_WVmcGMW84A%3A1682283183464&source=lnt&tbs=cdr%3A1%2Ccd_min%3A9%2F7%2F2022%2Ccd_max%3A1%2F30%2F2023&tbm=nws","ABP NewsBharat Jodo Yatra: राहुल गांधी की भारत जोड़ो यात्रा का राजस्थान में 9वां 
दिन, सवाई माधोपुरBharat Jodo Yatra: राहुल गांधी की भारत जोड़ो यात्रा का राजस्थान में 9वां 
दिन, सवाई माधोपुर के....13-Dec-2022","https://www.abplive.com/states/rajasthan/congress-leader-rahul-gandhi-resumes-bharat-jodo-yatra-from-jinapur-of-sawaimadhopur-of-rajasthan-2280721","4","https://www.google.com/search?q=Rahul+Gandhi+AND+Bharat+Jodo+Yatra&biw=1536&bih=750&tbs=cdr:1,cd_min:9/7/2022,cd_max:1/30/2023&tbm=nws&sxsrf=APwXEdca3ziOh4vpoEyKMiurg-piz7FWdg:1682283368019&ei=aJtFZIht8fWO4w-V_rGABA&start=30&sa=N&ved=2ahUKEwiIwb_08cD-AhXxumMGHRV_DEAQ8tMDegQIBBAI"
"1682283382-165","https://www.google.com/search?q=Rahul+Gandhi+AND+Bharat+Jodo+Yatra&biw=1536&bih=750&sxsrf=APwXEdePAGf-mH6ciFczch5_WVmcGMW84A%3A1682283183464&source=lnt&tbs=cdr%3A1%2Ccd_min%3A9%2F7%2F2022%2Ccd_max%3A1%2F30%2F2023&tbm=nws","ABP NewsBharat Jodo Yatra: भारत जोड़ो यात्रा का 37वां दिन, कर्नाटक के रामपुरा से 
हुई यात्रा की शुरुआतBharat Jodo Yatra: भारत जोड़ो यात्रा राहुल गांधी (Rahul Gandhi) के नेतृत्व 
में इन दिनों कर्नाटक में चल....14-Oct-2022","https://www.abplive.com/news/india/rahul-gandhi-bharat-jodo-yatra-37th-day-in-karnataka-started-from-rampura-2237432","4","https://www.google.com/search?q=Rahul+Gandhi+AND+Bharat+Jodo+Yatra&biw=1536&bih=750&tbs=cdr:1,cd_min:9/7/2022,cd_max:1/30/2023&tbm=nws&sxsrf=APwXEdca3ziOh4vpoEyKMiurg-piz7FWdg:1682283368019&ei=aJtFZIht8fWO4w-V_rGABA&start=30&sa=N&ved=2ahUKEwiIwb_08cD-AhXxumMGHRV_DEAQ8tMDegQIBBAI"
"1682283385-166","https://www.google.com/search?q=Rahul+Gandhi+AND+Bharat+Jodo+Yatra&biw=1536&bih=750&sxsrf=APwXEdePAGf-mH6ciFczch5_WVmcGMW84A%3A1682283183464&source=lnt&tbs=cdr%3A1%2Ccd_min%3A9%2F7%2F2022%2Ccd_max%3A1%2F30%2F2023&tbm=nws","ThePrintSix reasons why Bharat Jodo Yatra isn't simply a routine ...Rahul Gandhi's daily speech is typically about the need for unity across 
multiple divisions of caste, language, and religion. His critique of the 
Narendra Modi....06-Oct-2022","https://theprint.in/opinion/six-reasons-why-bharat-jodo-yatra-isnt-simply-a-routine-political-tamasha/1156123/","3","https://www.google.com/search?q=Rahul+Gandhi+AND+Bharat+Jodo+Yatra&biw=1536&bih=750&tbs=cdr:1,cd_min:9/7/2022,cd_max:1/30/2023&tbm=nws&sxsrf=APwXEdca3ziOh4vpoEyKMiurg-piz7FWdg:1682283368019&ei=aJtFZIht8fWO4w-V_rGABA&start=20&sa=N&ved=2ahUKEwiIwb_08cD-AhXxumMGHRV_DEAQ8tMDegQIBBAG"
"1682283385-167","https://www.google.com/search?q=Rahul+Gandhi+AND+Bharat+Jodo+Yatra&biw=1536&bih=750&sxsrf=APwXEdePAGf-mH6ciFczch5_WVmcGMW84A%3A1682283183464&source=lnt&tbs=cdr%3A1%2Ccd_min%3A9%2F7%2F2022%2Ccd_max%3A1%2F30%2F2023&tbm=nws","NDTV.comRahul Gandhi's 'Bharat Jodo Yatra' To Begin Karnataka Leg TomorrowNoting the Karnataka leg of the yatra will begin at Gundlupet on September 
30 at 9 am, Shivakumar said, on October 2, Gandhi Jayanti day, there is a 
programme....29-Sept-2022","https://www.ndtv.com/karnataka-news/rahul-gandhis-bharat-jodo-yatra-to-begin-karnataka-leg-tomorrow-3387752","3","https://www.google.com/search?q=Rahul+Gandhi+AND+Bharat+Jodo+Yatra&biw=1536&bih=750&tbs=cdr:1,cd_min:9/7/2022,cd_max:1/30/2023&tbm=nws&sxsrf=APwXEdca3ziOh4vpoEyKMiurg-piz7FWdg:1682283368019&ei=aJtFZIht8fWO4w-V_rGABA&start=20&sa=N&ved=2ahUKEwiIwb_08cD-AhXxumMGHRV_DEAQ8tMDegQIBBAG"
"1682283385-168","https://www.google.com/search?q=Rahul+Gandhi+AND+Bharat+Jodo+Yatra&biw=1536&bih=750&sxsrf=APwXEdePAGf-mH6ciFczch5_WVmcGMW84A%3A1682283183464&source=lnt&tbs=cdr%3A1%2Ccd_min%3A9%2F7%2F2022%2Ccd_max%3A1%2F30%2F2023&tbm=nws","ABP NewsBharat Jodo Yatra: आज इंदौर पहुंचेगी राहुल गांधी की भारत जोड़ो यात्रा, एमपी 
में 5वें दिन महूBharat Jodo Yatra: आज इंदौर पहुंचेगी राहुल गांधी की ... MP Rahul Gandhi 
along with party leaders and workers resumes 'Bharat Jodo....27-Nov-2022","https://www.abplive.com/states/madhya-pradesh/bharat-jodo-yatra-under-rahul-gandhi-leadership-left-from-mhow-on-sunday-madhya-pradesh-2268451","3","https://www.google.com/search?q=Rahul+Gandhi+AND+Bharat+Jodo+Yatra&biw=1536&bih=750&tbs=cdr:1,cd_min:9/7/2022,cd_max:1/30/2023&tbm=nws&sxsrf=APwXEdca3ziOh4vpoEyKMiurg-piz7FWdg:1682283368019&ei=aJtFZIht8fWO4w-V_rGABA&start=20&sa=N&ved=2ahUKEwiIwb_08cD-AhXxumMGHRV_DEAQ8tMDegQIBBAG"
"1682283385-169","https://www.google.com/search?q=Rahul+Gandhi+AND+Bharat+Jodo+Yatra&biw=1536&bih=750&sxsrf=APwXEdePAGf-mH6ciFczch5_WVmcGMW84A%3A1682283183464&source=lnt&tbs=cdr%3A1%2Ccd_min%3A9%2F7%2F2022%2Ccd_max%3A1%2F30%2F2023&tbm=nws","India TodayReady, steady, sprint. Rahul Gandhi’s Bharat Jodo speeds up and how in 
Telangana | VideoThe Bharat Jodo Yatra commenced on September 7 from Kanyakumari in Tamil 
Nadu. Rahul Gandhi completed the marathon walk in Kerala, Andhra Pradesh 
and Karnataka,....30-Oct-2022","https://www.indiatoday.in/india/story/rahul-gandhi-sprint-congress-leaders-bharat-jodo-yatra-telangana-video-2291029-2022-10-30","3","https://www.google.com/search?q=Rahul+Gandhi+AND+Bharat+Jodo+Yatra&biw=1536&bih=750&tbs=cdr:1,cd_min:9/7/2022,cd_max:1/30/2023&tbm=nws&sxsrf=APwXEdca3ziOh4vpoEyKMiurg-piz7FWdg:1682283368019&ei=aJtFZIht8fWO4w-V_rGABA&start=20&sa=N&ved=2ahUKEwiIwb_08cD-AhXxumMGHRV_DEAQ8tMDegQIBBAG"
"1682283385-170","https://www.google.com/search?q=Rahul+Gandhi+AND+Bharat+Jodo+Yatra&biw=1536&bih=750&sxsrf=APwXEdePAGf-mH6ciFczch5_WVmcGMW84A%3A1682283183464&source=lnt&tbs=cdr%3A1%2Ccd_min%3A9%2F7%2F2022%2Ccd_max%3A1%2F30%2F2023&tbm=nws","Siasat.comBharat Jodo Yatra will establish Rahul Gandhi as serious politician: 
AnalystsBhopal: Rahul Gandhi's ongoing Bharat Jodo Yatra will establish the 
Congress MP as a serious politician and provide him heft to take on his 
formidable....14-Nov-2022","https://www.siasat.com/bharat-jodo-yatra-will-establish-rahul-gandhi-as-serious-politician-analysts-2456329/","3","https://www.google.com/search?q=Rahul+Gandhi+AND+Bharat+Jodo+Yatra&biw=1536&bih=750&tbs=cdr:1,cd_min:9/7/2022,cd_max:1/30/2023&tbm=nws&sxsrf=APwXEdca3ziOh4vpoEyKMiurg-piz7FWdg:1682283368019&ei=aJtFZIht8fWO4w-V_rGABA&start=20&sa=N&ved=2ahUKEwiIwb_08cD-AhXxumMGHRV_DEAQ8tMDegQIBBAG"
"1682283385-171","https://www.google.com/search?q=Rahul+Gandhi+AND+Bharat+Jodo+Yatra&biw=1536&bih=750&sxsrf=APwXEdePAGf-mH6ciFczch5_WVmcGMW84A%3A1682283183464&source=lnt&tbs=cdr%3A1%2Ccd_min%3A9%2F7%2F2022%2Ccd_max%3A1%2F30%2F2023&tbm=nws","The Indian ExpressRahul Gandhi to hoist tricolour in Srinagar to mark end of Bharat Jodo YatraCongress General Secretary K C Venugopal said the Bharat Jodo Yatra, which 
started in Kanyakumari on September 7, will conclude on January 30 in 
Srinagar after....22-Jan-2023","https://indianexpress.com/article/cities/srinagar/rahul-gandhi-bharat-jodo-yatra-end-tricolour-srinagar-8398035/","3","https://www.google.com/search?q=Rahul+Gandhi+AND+Bharat+Jodo+Yatra&biw=1536&bih=750&tbs=cdr:1,cd_min:9/7/2022,cd_max:1/30/2023&tbm=nws&sxsrf=APwXEdca3ziOh4vpoEyKMiurg-piz7FWdg:1682283368019&ei=aJtFZIht8fWO4w-V_rGABA&start=20&sa=N&ved=2ahUKEwiIwb_08cD-AhXxumMGHRV_DEAQ8tMDegQIBBAG"
"1682283385-172","https://www.google.com/search?q=Rahul+Gandhi+AND+Bharat+Jodo+Yatra&biw=1536&bih=750&sxsrf=APwXEdePAGf-mH6ciFczch5_WVmcGMW84A%3A1682283183464&source=lnt&tbs=cdr%3A1%2Ccd_min%3A9%2F7%2F2022%2Ccd_max%3A1%2F30%2F2023&tbm=nws","ABP NewsBharat Jodo Yatra: आज नरवाल से होकर गुजरेगी राहुल गांधी की भारत जोड़ो 
यात्रा, शनिवार को यहींRahul Gandhi Bharat Jodo Yatra: कांग्रेस नेता जयराम रमेश ने कहा था, राहुल 
गांधी (Rahul Gandhi) की सुरक्षा के....23-Jan-2023","https://www.abplive.com/states/jammu-and-kashmir/jammu-and-kashmir-congress-rahul-gandhi-bharat-jodo-yatra-enter-tight-security-police-narwal-blast-2314884","3","https://www.google.com/search?q=Rahul+Gandhi+AND+Bharat+Jodo+Yatra&biw=1536&bih=750&tbs=cdr:1,cd_min:9/7/2022,cd_max:1/30/2023&tbm=nws&sxsrf=APwXEdca3ziOh4vpoEyKMiurg-piz7FWdg:1682283368019&ei=aJtFZIht8fWO4w-V_rGABA&start=20&sa=N&ved=2ahUKEwiIwb_08cD-AhXxumMGHRV_DEAQ8tMDegQIBBAG"
"1682283385-173","https://www.google.com/search?q=Rahul+Gandhi+AND+Bharat+Jodo+Yatra&biw=1536&bih=750&sxsrf=APwXEdePAGf-mH6ciFczch5_WVmcGMW84A%3A1682283183464&source=lnt&tbs=cdr%3A1%2Ccd_min%3A9%2F7%2F2022%2Ccd_max%3A1%2F30%2F2023&tbm=nws","The HinduRahul Gandhi's Bharat Jodo Yatra begins on day 3 in RajasthanThey set out on the march after hoisting the national flag at 5.30 a.m.. 
Latest News. 12 hours ago - Industry 6 GHz spectrum attracts telcos and 
broadband....07-Dec-2022","https://www.thehindu.com/news/national/other-states/rahul-gandhis-bharat-jodo-yatra-begins-on-day-3-in-rajasthan/article66233580.ece","3","https://www.google.com/search?q=Rahul+Gandhi+AND+Bharat+Jodo+Yatra&biw=1536&bih=750&tbs=cdr:1,cd_min:9/7/2022,cd_max:1/30/2023&tbm=nws&sxsrf=APwXEdca3ziOh4vpoEyKMiurg-piz7FWdg:1682283368019&ei=aJtFZIht8fWO4w-V_rGABA&start=20&sa=N&ved=2ahUKEwiIwb_08cD-AhXxumMGHRV_DEAQ8tMDegQIBBAG"
"1682283385-174","https://www.google.com/search?q=Rahul+Gandhi+AND+Bharat+Jodo+Yatra&biw=1536&bih=750&sxsrf=APwXEdePAGf-mH6ciFczch5_WVmcGMW84A%3A1682283183464&source=lnt&tbs=cdr%3A1%2Ccd_min%3A9%2F7%2F2022%2Ccd_max%3A1%2F30%2F2023&tbm=nws","Hindustan TimesRahul Gandhi crosses again into Karnataka in his Bharat Jodo YatraThe Andhra Pradesh leg of Congress leader Rahul Gandhi's Bharat Jodo Yatra 
concluded on Friday as he once again crossed into neighbouring Karnataka. 
After an....21-Oct-2022","https://www.hindustantimes.com/cities/bengaluru-news/rahul-gandhi-crosses-again-into-karnataka-in-his-bharat-jodo-yatra-101666336032839.html","3","https://www.google.com/search?q=Rahul+Gandhi+AND+Bharat+Jodo+Yatra&biw=1536&bih=750&tbs=cdr:1,cd_min:9/7/2022,cd_max:1/30/2023&tbm=nws&sxsrf=APwXEdca3ziOh4vpoEyKMiurg-piz7FWdg:1682283368019&ei=aJtFZIht8fWO4w-V_rGABA&start=20&sa=N&ved=2ahUKEwiIwb_08cD-AhXxumMGHRV_DEAQ8tMDegQIBBAG"
"1682283385-175","https://www.google.com/search?q=Rahul+Gandhi+AND+Bharat+Jodo+Yatra&biw=1536&bih=750&sxsrf=APwXEdePAGf-mH6ciFczch5_WVmcGMW84A%3A1682283183464&source=lnt&tbs=cdr%3A1%2Ccd_min%3A9%2F7%2F2022%2Ccd_max%3A1%2F30%2F2023&tbm=nws","The Indian ExpressRahul Gandhi Bharat Jodo Yatra Highlights: In Panipat, Rahul Gandhi targets 
BJP over Agnipath scheme, claims youth were threatened against protestingRahul Gandhi's Bharat Jodo Yatra resumed early Thursday morning from Ailum 
village in Uttar Pradesh. LIVE: #BharatJodoYatra resumes from Ailum 
village, Uttar....07-Jan-2023","https://indianexpress.com/article/india/rahul-gandhi-bharat-jodo-yatra-live-updates-uttar-pradesh-haryana-8362101/","3","https://www.google.com/search?q=Rahul+Gandhi+AND+Bharat+Jodo+Yatra&biw=1536&bih=750&tbs=cdr:1,cd_min:9/7/2022,cd_max:1/30/2023&tbm=nws&sxsrf=APwXEdca3ziOh4vpoEyKMiurg-piz7FWdg:1682283368019&ei=aJtFZIht8fWO4w-V_rGABA&start=20&sa=N&ved=2ahUKEwiIwb_08cD-AhXxumMGHRV_DEAQ8tMDegQIBBAG"
"1682283389-176","https://www.google.com/search?q=Rahul+Gandhi+AND+Bharat+Jodo+Yatra&biw=1536&bih=750&sxsrf=APwXEdePAGf-mH6ciFczch5_WVmcGMW84A%3A1682283183464&source=lnt&tbs=cdr%3A1%2Ccd_min%3A9%2F7%2F2022%2Ccd_max%3A1%2F30%2F2023&tbm=nws","NDTV.comOn Rahul Gandhi's Bharat Jodo Yatra In Kashmir, A Warning From Agencies""Rahul (Gandhi) will unfurl tricolour en route to Kashmir. As of now it 
seems it would be around Banihal. Then yatra would enter Srinagar via 
Anantnag a day....16-Jan-2023","https://www.ndtv.com/india-news/on-rahul-gandhis-bharat-jodo-yatra-in-kashmir-a-warning-from-agencies-3697733","2","https://www.google.com/search?q=Rahul+Gandhi+AND+Bharat+Jodo+Yatra&biw=1536&bih=750&tbs=cdr:1,cd_min:9/7/2022,cd_max:1/30/2023&tbm=nws&sxsrf=APwXEdca3ziOh4vpoEyKMiurg-piz7FWdg:1682283368019&ei=aJtFZIht8fWO4w-V_rGABA&start=10&sa=N&ved=2ahUKEwiIwb_08cD-AhXxumMGHRV_DEAQ8tMDegQIBBAE"
"1682283389-177","https://www.google.com/search?q=Rahul+Gandhi+AND+Bharat+Jodo+Yatra&biw=1536&bih=750&sxsrf=APwXEdePAGf-mH6ciFczch5_WVmcGMW84A%3A1682283183464&source=lnt&tbs=cdr%3A1%2Ccd_min%3A9%2F7%2F2022%2Ccd_max%3A1%2F30%2F2023&tbm=nws","AmarujalaBharat Jodo Yatra: हर दिन 24 किमी आगे बढ़ती है यात्रा... जानिए क्या है 
राहुल गांधी का डाइट प्लानब्रेक में वे कॉफी पीते हैं। Rahul Gandhi diet Plan for Bharat Jodo....06-Dec-2022","https://www.amarujala.com/madhya-pradesh/indore/know-how-rahul-gets-energy-to-walk-24-km-daily-in-bharat-jodo-yatra","2","https://www.google.com/search?q=Rahul+Gandhi+AND+Bharat+Jodo+Yatra&biw=1536&bih=750&tbs=cdr:1,cd_min:9/7/2022,cd_max:1/30/2023&tbm=nws&sxsrf=APwXEdca3ziOh4vpoEyKMiurg-piz7FWdg:1682283368019&ei=aJtFZIht8fWO4w-V_rGABA&start=10&sa=N&ved=2ahUKEwiIwb_08cD-AhXxumMGHRV_DEAQ8tMDegQIBBAE"
"1682283389-178","https://www.google.com/search?q=Rahul+Gandhi+AND+Bharat+Jodo+Yatra&biw=1536&bih=750&sxsrf=APwXEdePAGf-mH6ciFczch5_WVmcGMW84A%3A1682283183464&source=lnt&tbs=cdr%3A1%2Ccd_min%3A9%2F7%2F2022%2Ccd_max%3A1%2F30%2F2023&tbm=nws","Outlook IndiaRahul Gandhi To End ‘Bharat Jodo Yatra’ With Hoisting Of Tricolour In 
Srinagar On Jan 30""The Yatra will enter Jammu and Kashmir on the evening of January 20 and 
will end with a flag hoisting on Srinagar on January 30,"" Venugopal said. 
He said the....02-Jan-2023","https://www.outlookindia.com/national/rahul-gandhi-to-end-bharat-jodo-yatra-with-hoisting-of-tricolour-in-srinagar-on-jan-30-news-250268","2","https://www.google.com/search?q=Rahul+Gandhi+AND+Bharat+Jodo+Yatra&biw=1536&bih=750&tbs=cdr:1,cd_min:9/7/2022,cd_max:1/30/2023&tbm=nws&sxsrf=APwXEdca3ziOh4vpoEyKMiurg-piz7FWdg:1682283368019&ei=aJtFZIht8fWO4w-V_rGABA&start=10&sa=N&ved=2ahUKEwiIwb_08cD-AhXxumMGHRV_DEAQ8tMDegQIBBAE"
"1682283389-179","https://www.google.com/search?q=Rahul+Gandhi+AND+Bharat+Jodo+Yatra&biw=1536&bih=750&sxsrf=APwXEdePAGf-mH6ciFczch5_WVmcGMW84A%3A1682283183464&source=lnt&tbs=cdr%3A1%2Ccd_min%3A9%2F7%2F2022%2Ccd_max%3A1%2F30%2F2023&tbm=nws","Navbharat TimesRahul Gandhi Bharat Jodo Yatra: फरीदाबाद से दिल्ली आने-जाने वाले ध्यान दें, 
2 दिन कुछ घंटे बंद रहेगा नैशनल हाइवेRahul Gandhi Bharat Jodo Yatra: फरीदाबाद से दिल्ली आने-जाने वाले ध्यान दें, 
2 दिन कुछ घंटे बंद रहेगा....21-Dec-2022","https://navbharattimes.indiatimes.com/state/punjab-and-haryana/faridabad/bharat-jodo-yatra-delhi-agra-highway-will-be-closed-for-few-hours-on-23rd-and-24th-december/articleshow/96392757.cms","2","https://www.google.com/search?q=Rahul+Gandhi+AND+Bharat+Jodo+Yatra&biw=1536&bih=750&tbs=cdr:1,cd_min:9/7/2022,cd_max:1/30/2023&tbm=nws&sxsrf=APwXEdca3ziOh4vpoEyKMiurg-piz7FWdg:1682283368019&ei=aJtFZIht8fWO4w-V_rGABA&start=10&sa=N&ved=2ahUKEwiIwb_08cD-AhXxumMGHRV_DEAQ8tMDegQIBBAE"
"1682283389-180","https://www.google.com/search?q=Rahul+Gandhi+AND+Bharat+Jodo+Yatra&biw=1536&bih=750&sxsrf=APwXEdePAGf-mH6ciFczch5_WVmcGMW84A%3A1682283183464&source=lnt&tbs=cdr%3A1%2Ccd_min%3A9%2F7%2F2022%2Ccd_max%3A1%2F30%2F2023&tbm=nws","Navbharat TimesBharat Jodo Yatra: राहुल गांधी की भारत जोड़ो यात्रा कल पहुंचेगी गाजियाबाद, 
इन रूटों पर निकलने से पहले देखें चार्टRahul Gandhi Bharat Jodo Yatra in Ghaziabad Rout Diversion: गाजियाबाद में 
राहुल गांधी की भारत जोड़ो यात्रा मंगलवार....02-Jan-2023","https://navbharattimes.indiatimes.com/state/uttar-pradesh/ghaziabad/rahul-gandhi-bharat-jodo-yatra-will-reach-ghaziabad-tomorrow-see-chart-before-leaving-on-these-routes/articleshow/96675327.cms","2","https://www.google.com/search?q=Rahul+Gandhi+AND+Bharat+Jodo+Yatra&biw=1536&bih=750&tbs=cdr:1,cd_min:9/7/2022,cd_max:1/30/2023&tbm=nws&sxsrf=APwXEdca3ziOh4vpoEyKMiurg-piz7FWdg:1682283368019&ei=aJtFZIht8fWO4w-V_rGABA&start=10&sa=N&ved=2ahUKEwiIwb_08cD-AhXxumMGHRV_DEAQ8tMDegQIBBAE"
"1682283389-181","https://www.google.com/search?q=Rahul+Gandhi+AND+Bharat+Jodo+Yatra&biw=1536&bih=750&sxsrf=APwXEdePAGf-mH6ciFczch5_WVmcGMW84A%3A1682283183464&source=lnt&tbs=cdr%3A1%2Ccd_min%3A9%2F7%2F2022%2Ccd_max%3A1%2F30%2F2023&tbm=nws","The HinduBJP puts out animation video of Rahul Gandhi on ‘Bharat Jodo Yatra’The Bharatiya Janata Party (BJP) on Sunday put out an animation video of 
Rahul Gandhi to take a dig at the Bharat Jodo Yatra, evoking a sharp 
response from....16-Oct-2022","https://www.thehindu.com/news/national/bjp-puts-out-animation-video-of-rahul-gandhi-on-bharat-jodo-yatra/article66017737.ece","2","https://www.google.com/search?q=Rahul+Gandhi+AND+Bharat+Jodo+Yatra&biw=1536&bih=750&tbs=cdr:1,cd_min:9/7/2022,cd_max:1/30/2023&tbm=nws&sxsrf=APwXEdca3ziOh4vpoEyKMiurg-piz7FWdg:1682283368019&ei=aJtFZIht8fWO4w-V_rGABA&start=10&sa=N&ved=2ahUKEwiIwb_08cD-AhXxumMGHRV_DEAQ8tMDegQIBBAE"
"1682283389-182","https://www.google.com/search?q=Rahul+Gandhi+AND+Bharat+Jodo+Yatra&biw=1536&bih=750&sxsrf=APwXEdePAGf-mH6ciFczch5_WVmcGMW84A%3A1682283183464&source=lnt&tbs=cdr%3A1%2Ccd_min%3A9%2F7%2F2022%2Ccd_max%3A1%2F30%2F2023&tbm=nws","The HinduPriyanka Gandhi Vadra joins Bharat Jodo Yatra for first time in Madhya 
PradeshOn the second day of the yatra's Madhya Pradesh leg, Rahul Gandhi started 
the foot march from Borgaon in Khandwa district. Priyanka Gandhi, her 
husband Robert....24-Nov-2022","https://www.thehindu.com/news/national/priyanka-gandhi-vadra-joins-bharat-jodo-yatra-for-first-time-in-madhya-pradesh/article66177330.ece","2","https://www.google.com/search?q=Rahul+Gandhi+AND+Bharat+Jodo+Yatra&biw=1536&bih=750&tbs=cdr:1,cd_min:9/7/2022,cd_max:1/30/2023&tbm=nws&sxsrf=APwXEdca3ziOh4vpoEyKMiurg-piz7FWdg:1682283368019&ei=aJtFZIht8fWO4w-V_rGABA&start=10&sa=N&ved=2ahUKEwiIwb_08cD-AhXxumMGHRV_DEAQ8tMDegQIBBAE"
"1682283389-183","https://www.google.com/search?q=Rahul+Gandhi+AND+Bharat+Jodo+Yatra&biw=1536&bih=750&sxsrf=APwXEdePAGf-mH6ciFczch5_WVmcGMW84A%3A1682283183464&source=lnt&tbs=cdr%3A1%2Ccd_min%3A9%2F7%2F2022%2Ccd_max%3A1%2F30%2F2023&tbm=nws","Times of IndiaRahul Gandhi resumes Bharat Jodo Yatra from Kerala's Madavana, pays 
tributes to Sree Narayana GuruKOCHI: Senior Congress leader Rahul Gandhi on Wednesday resumed his party's 
Bharat Jodo Yatra from Madavana near here after paying floral tributes to 
social....21-Sept-2022","https://timesofindia.indiatimes.com/india/rahul-gandhi-resumes-bharat-jodo-yatra-from-keralas-madavana-pays-tributes-to-sree-narayana-guru/articleshow/94340455.cms","2","https://www.google.com/search?q=Rahul+Gandhi+AND+Bharat+Jodo+Yatra&biw=1536&bih=750&tbs=cdr:1,cd_min:9/7/2022,cd_max:1/30/2023&tbm=nws&sxsrf=APwXEdca3ziOh4vpoEyKMiurg-piz7FWdg:1682283368019&ei=aJtFZIht8fWO4w-V_rGABA&start=10&sa=N&ved=2ahUKEwiIwb_08cD-AhXxumMGHRV_DEAQ8tMDegQIBBAE"
"1682283389-184","https://www.google.com/search?q=Rahul+Gandhi+AND+Bharat+Jodo+Yatra&biw=1536&bih=750&sxsrf=APwXEdePAGf-mH6ciFczch5_WVmcGMW84A%3A1682283183464&source=lnt&tbs=cdr%3A1%2Ccd_min%3A9%2F7%2F2022%2Ccd_max%3A1%2F30%2F2023&tbm=nws","Hindustan TimesBharat Jodo Yatra: Rahul Gandhi to address rally at Panipat on Jan 6: Congress leader Rahul Gandhi will address a rally in Panipat on January 6 
during his second phase of Bharat Jodo Yatra in Haryana. Bharat Jodo Yatra: 
Rahul....27-Dec-2022","https://www.hindustantimes.com/cities/chandigarh-news/bharat-jodo-yatra-rahul-gandhi-to-address-rally-at-panipat-on-jan-6-101672151806382.html","2","https://www.google.com/search?q=Rahul+Gandhi+AND+Bharat+Jodo+Yatra&biw=1536&bih=750&tbs=cdr:1,cd_min:9/7/2022,cd_max:1/30/2023&tbm=nws&sxsrf=APwXEdca3ziOh4vpoEyKMiurg-piz7FWdg:1682283368019&ei=aJtFZIht8fWO4w-V_rGABA&start=10&sa=N&ved=2ahUKEwiIwb_08cD-AhXxumMGHRV_DEAQ8tMDegQIBBAE"
"1682283389-185","https://www.google.com/search?q=Rahul+Gandhi+AND+Bharat+Jodo+Yatra&biw=1536&bih=750&sxsrf=APwXEdePAGf-mH6ciFczch5_WVmcGMW84A%3A1682283183464&source=lnt&tbs=cdr%3A1%2Ccd_min%3A9%2F7%2F2022%2Ccd_max%3A1%2F30%2F2023&tbm=nws","ABP NewsBharat Jodo Yatra: यात्रा के दूसरे दिन राहुल गांधी ने 20 किलोमीटर की दूरी 
की तय, कांग्रेस बोली-Congress Bharat Jodo Yatra: कांग्रेस के पूर्व अध्यक्ष राहुल गांधी (Rahul 
Gandhi) ने पार्टी के कई नेताओं....08-Sept-2022","https://www.abplive.com/news/india/bharat-jodo-yatra-rahul-gandhi-with-other-leaders-covered-20-km-distance-on-second-day-of-bharat-jodo-yatra-2211300","2","https://www.google.com/search?q=Rahul+Gandhi+AND+Bharat+Jodo+Yatra&biw=1536&bih=750&tbs=cdr:1,cd_min:9/7/2022,cd_max:1/30/2023&tbm=nws&sxsrf=APwXEdca3ziOh4vpoEyKMiurg-piz7FWdg:1682283368019&ei=aJtFZIht8fWO4w-V_rGABA&start=10&sa=N&ved=2ahUKEwiIwb_08cD-AhXxumMGHRV_DEAQ8tMDegQIBBAE"
