web-scraper-order,web-scraper-start-url,links,links-href,pages,pages-href
"1682283659-186","https://www.google.com/search?q=rahul+gandhi&biw=743&bih=750&sxsrf=APwXEdfzWRL4Ob-eURCUKHdqEBroa1mZOg%3A1682283558453&source=lnt&tbs=cdr%3A1%2Ccd_min%3A9%2F7%2F2021%2Ccd_max%3A1%2F30%2F2022&tbm=nws","The Indian ExpressSystematic attack on farmers, says Rahul Gandhi; denied permission to visit 
LakhimpurRahul Gandhi will try to lead a delegation of Congress leaders to Lakhimpur 
Kheri to meet the families of the victims who were mowed down by a convoy 
of three....06-Oct-2021","https://indianexpress.com/article/india/rahul-gandhi-lakhimpur-kheri-farmers-protest-7554987/","",""
"1682283659-187","https://www.google.com/search?q=rahul+gandhi&biw=743&bih=750&sxsrf=APwXEdfzWRL4Ob-eURCUKHdqEBroa1mZOg%3A1682283558453&source=lnt&tbs=cdr%3A1%2Ccd_min%3A9%2F7%2F2021%2Ccd_max%3A1%2F30%2F2022&tbm=nws","India TodayThere is dictatorship in India now: Rahul Gandhi on not being allowed to 
visit LakhimpurThe remarks by Rahul Gandhi come after the Uttar Pradesh government denied 
him permission to visit Sitapur or Lakhimpur. advertisement. Addressing a 
press....06-Oct-2021","https://www.indiatoday.in/india/story/rahul-gandhi-lakhimpur-kheri-farmers-dictatorship-1861365-2021-10-06","",""
"1682283659-188","https://www.google.com/search?q=rahul+gandhi&biw=743&bih=750&sxsrf=APwXEdfzWRL4Ob-eURCUKHdqEBroa1mZOg%3A1682283558453&source=lnt&tbs=cdr%3A1%2Ccd_min%3A9%2F7%2F2021%2Ccd_max%3A1%2F30%2F2022&tbm=nws","Hindustan TimesRahul Gandhi, Priyanka reach Lakhimpur Kheri, meet family members | 10 
pointsPriyanka Gandhi was detained on Monday morning and was finally released on 
Wednesday evening after Rahul Gandhi reached Sitapur. Both are on their way 
to....06-Oct-2021","https://www.hindustantimes.com/india-news/rahul-gandhi-priyanka-leave-for-lakhimpur-sachin-pilot-stopped-at-moradabad-10-points-101633527936312.html","",""
"1682283659-189","https://www.google.com/search?q=rahul+gandhi&biw=743&bih=750&sxsrf=APwXEdfzWRL4Ob-eURCUKHdqEBroa1mZOg%3A1682283558453&source=lnt&tbs=cdr%3A1%2Ccd_min%3A9%2F7%2F2021%2Ccd_max%3A1%2F30%2F2022&tbm=nws","Hindustan Times‘Political tourism’: Union minister Giriraj Singh on Rahul Gandhi's 
Lakhimpur visitCongress delegation including Rahul Gandhi and party general secretary 
Priyanka Gandhi Vadra met the kin of deceased farmer Lovpreet Singh in 
Lakhimpur....10-Oct-2021","https://www.hindustantimes.com/india-news/political-tourism-union-minister-giriraj-singh-on-rahul-gandhi-s-lakhimpur-visit-101633833335015.html","",""
"1682283659-190","https://www.google.com/search?q=rahul+gandhi&biw=743&bih=750&sxsrf=APwXEdfzWRL4Ob-eURCUKHdqEBroa1mZOg%3A1682283558453&source=lnt&tbs=cdr%3A1%2Ccd_min%3A9%2F7%2F2021%2Ccd_max%3A1%2F30%2F2022&tbm=nws","ThePrintRahul Gandhi’s impending return as president is a win-win for both Congress 
and BJPCWC choice of Rahul Gandhi as party president isn't about the fight against 
BJP. It was about the Gandhi dynasty's crown jewel, Congress, and they 
have....18-Oct-2021","https://theprint.in/opinion/politically-correct/rahul-gandhis-impending-return-as-president-is-a-win-win-for-both-congress-and-bjp/752186/","",""
"1682283659-191","https://www.google.com/search?q=rahul+gandhi&biw=743&bih=750&sxsrf=APwXEdfzWRL4Ob-eURCUKHdqEBroa1mZOg%3A1682283558453&source=lnt&tbs=cdr%3A1%2Ccd_min%3A9%2F7%2F2021%2Ccd_max%3A1%2F30%2F2022&tbm=nws","India TodayUP is just the beginning: Rahul Gandhi on 40% tickets to women candidates 
announcementHailing the hardwork of women, Rahul Gandhi said 'UP is just the beginning' 
days after the Congress said it will give 40% of its tickets to women 
candidates....21-Oct-2021","https://www.indiatoday.in/india/story/up-is-just-the-beginning-rahul-gandhi-on-40-tickets-to-women-candidates-announcement-1867672-2021-10-21","",""
"1682283659-192","https://www.google.com/search?q=rahul+gandhi&biw=743&bih=750&sxsrf=APwXEdfzWRL4Ob-eURCUKHdqEBroa1mZOg%3A1682283558453&source=lnt&tbs=cdr%3A1%2Ccd_min%3A9%2F7%2F2021%2Ccd_max%3A1%2F30%2F2022&tbm=nws","Tribune IndiaRahul Gandhi, Congress candidates offer prayers at Golden TempleRahul Gandhi, Congress candidates offer prayers at Golden Temple. Kicking 
off his poll campaign in Punjab, Gandhi is scheduled to address a virtual 
rally at....27-Jan-2022","https://www.tribuneindia.com/news/punjab/congress-leader-rahul-gandhi-visits-golden-temple-to-address-virtual-rally-364689","",""
"1682283659-193","https://www.google.com/search?q=rahul+gandhi&biw=743&bih=750&sxsrf=APwXEdfzWRL4Ob-eURCUKHdqEBroa1mZOg%3A1682283558453&source=lnt&tbs=cdr%3A1%2Ccd_min%3A9%2F7%2F2021%2Ccd_max%3A1%2F30%2F2022&tbm=nws","Hindustan TimesIndia a country of Hindus, not Hindutvavadis: Rahul GandhiIndia is a country of Hindus and not Hindutvavadis, who can do anything to 
remain in power, Congress leader Rahul Gandhi said on Sunday. Congress 
president....12-Dec-2021","https://www.hindustantimes.com/india-news/india-a-country-of-hindus-not-hindutvavadis-rahul-gandhi-101639333504046.html","",""
"1682283659-194","https://www.google.com/search?q=rahul+gandhi&biw=743&bih=750&sxsrf=APwXEdfzWRL4Ob-eURCUKHdqEBroa1mZOg%3A1682283558453&source=lnt&tbs=cdr%3A1%2Ccd_min%3A9%2F7%2F2021%2Ccd_max%3A1%2F30%2F2022&tbm=nws","The Indian ExpressBJP to stay for many decades, Rahul Gandhi doesn’t realise it: Prashant 
KishorBJP to stay for many decades, Rahul Gandhi doesn't realise it: Prashant 
Kishor. By: Express Web Desk Goa | Updated: October 29, 2021 08:33 IST. 
Newsguard..29-Oct-2021","https://indianexpress.com/article/cities/goa/bjp-to-stay-rahul-gandhi-congress-prashant-kishor-7595267/","",""
"1682283659-195","https://www.google.com/search?q=rahul+gandhi&biw=743&bih=750&sxsrf=APwXEdfzWRL4Ob-eURCUKHdqEBroa1mZOg%3A1682283558453&source=lnt&tbs=cdr%3A1%2Ccd_min%3A9%2F7%2F2021%2Ccd_max%3A1%2F30%2F2022&tbm=nws","The Indian ExpressSuspension of MPs: At Oppn march, Rahul Gandhi says Govt turned Parliament 
into museumSenior Congress leader Rahul Gandhi said the Government has turned 
Parliament into a museum by not allowing issues of national importance to 
be discussed in....14-Dec-2021","https://indianexpress.com/article/india/suspension-of-mps-parliament-rahul-gandhi-7672884/","",""
"1682283663-196","https://www.google.com/search?q=rahul+gandhi&biw=743&bih=750&sxsrf=APwXEdfzWRL4Ob-eURCUKHdqEBroa1mZOg%3A1682283558453&source=lnt&tbs=cdr%3A1%2Ccd_min%3A9%2F7%2F2021%2Ccd_max%3A1%2F30%2F2022&tbm=nws","MoneycontrolLal Bahadur Shastri’s 117th birth anniversary | PM Modi, Sonia Gandhi, 
Rahul Gandhi and others pay...Congress MP Rahul Gandhi pays tributes to father of the nation 
#MahatmaGandhi at Rajghat and. 7/7. Congress MP Rahul Gandhi pays tribute 
at Vijay Ghat. Rahul....02-Oct-2021","https://www.moneycontrol.com/news/photos/india/lal-bahadur-shastris-117th-birth-anniversary-pm-modi-sonia-gandhi-rahul-gandhi-and-others-pay-tribute-7534731.html","10","https://www.google.com/search?q=rahul+gandhi&biw=743&bih=750&tbs=cdr:1,cd_min:9/7/2021,cd_max:1/30/2022&tbm=nws&sxsrf=APwXEdcrIc0IEbw1XaXM957cwpY8DG2vRQ:1682283655312&ei=h5xFZJvZEoudseMPkrKVyAw&start=90&sa=N&ved=2ahUKEwjbuL798sD-AhWLTmwGHRJZBckQ8tMDegQIBBAU"
"1682283663-197","https://www.google.com/search?q=rahul+gandhi&biw=743&bih=750&sxsrf=APwXEdfzWRL4Ob-eURCUKHdqEBroa1mZOg%3A1682283558453&source=lnt&tbs=cdr%3A1%2Ccd_min%3A9%2F7%2F2021%2Ccd_max%3A1%2F30%2F2022&tbm=nws","India TodayAs woman, such comment is wrong: Priyanka slams Smriti Irani over 'ghar par 
ladka' remark on Rahul GandhiSmriti Irani had made the comment on Rahul Gandhi in response to his sister 
Priyanka Gandhi Vadra's 'ladki hoon, lad sakti hoon' (I am a girl and can 
fight)....17-Nov-2021","https://www.indiatoday.in/india/story/priyanka-gandhi-vadra-smriti-irani-ghar-par-ladka-remark-rahul-gandhi-1877852-2021-11-17","10","https://www.google.com/search?q=rahul+gandhi&biw=743&bih=750&tbs=cdr:1,cd_min:9/7/2021,cd_max:1/30/2022&tbm=nws&sxsrf=APwXEdcrIc0IEbw1XaXM957cwpY8DG2vRQ:1682283655312&ei=h5xFZJvZEoudseMPkrKVyAw&start=90&sa=N&ved=2ahUKEwjbuL798sD-AhWLTmwGHRJZBckQ8tMDegQIBBAU"
"1682283663-198","https://www.google.com/search?q=rahul+gandhi&biw=743&bih=750&sxsrf=APwXEdfzWRL4Ob-eURCUKHdqEBroa1mZOg%3A1682283558453&source=lnt&tbs=cdr%3A1%2Ccd_min%3A9%2F7%2F2021%2Ccd_max%3A1%2F30%2F2022&tbm=nws","The Indian Express‘Stayed up until 4 am to help kids with homework; fought a lot with Rahul 
during childhood’: Priyanka GandhiFrom her equation with her brother and member of the Lok Sabha, Rahul 
Gandhi, to helping her children with their homework — Priyanka revealed it 
all during....20-Jan-2022","https://indianexpress.com/article/lifestyle/life-style/priyanka-gandhi-children-homework-rahul-gandhi-fights-facebook-live-7733169/","10","https://www.google.com/search?q=rahul+gandhi&biw=743&bih=750&tbs=cdr:1,cd_min:9/7/2021,cd_max:1/30/2022&tbm=nws&sxsrf=APwXEdcrIc0IEbw1XaXM957cwpY8DG2vRQ:1682283655312&ei=h5xFZJvZEoudseMPkrKVyAw&start=90&sa=N&ved=2ahUKEwjbuL798sD-AhWLTmwGHRJZBckQ8tMDegQIBBAU"
"1682283663-199","https://www.google.com/search?q=rahul+gandhi&biw=743&bih=750&sxsrf=APwXEdfzWRL4Ob-eURCUKHdqEBroa1mZOg%3A1682283558453&source=lnt&tbs=cdr%3A1%2Ccd_min%3A9%2F7%2F2021%2Ccd_max%3A1%2F30%2F2022&tbm=nws","Jansattaलिंचिंग के सवाल पर राहुल गांधी बोले – मत करो सरकार की दलाली, सुशांत सिन्हा 
ने कहा – सबसे ज्यादा झूठ बोलने वाले नेता हैं येHindi News · trending news; rahul gandhi vs journalist congress mp was 
questioned on the lynching reporter was scolded then attacked by times now 
navbharat....21-Dec-2021","https://www.jansatta.com/trending-news/rahul-gandhi-vs-journalist-congress-mp-was-questioned-on-the-lynching-reporter-was-scolded-then-attacked-by-times-now-navbharat-anchor-sushant-sinha-and-news-18-india-anchor-aman-chopra/1968260/","10","https://www.google.com/search?q=rahul+gandhi&biw=743&bih=750&tbs=cdr:1,cd_min:9/7/2021,cd_max:1/30/2022&tbm=nws&sxsrf=APwXEdcrIc0IEbw1XaXM957cwpY8DG2vRQ:1682283655312&ei=h5xFZJvZEoudseMPkrKVyAw&start=90&sa=N&ved=2ahUKEwjbuL798sD-AhWLTmwGHRJZBckQ8tMDegQIBBAU"
"1682283663-200","https://www.google.com/search?q=rahul+gandhi&biw=743&bih=750&sxsrf=APwXEdfzWRL4Ob-eURCUKHdqEBroa1mZOg%3A1682283558453&source=lnt&tbs=cdr%3A1%2Ccd_min%3A9%2F7%2F2021%2Ccd_max%3A1%2F30%2F2022&tbm=nws","Hindustan TimesMeghalaya Congress leaders meet Sonia, Rahul GandhiCongress leaders Sonia Gandhi and Rahul Gandhi met former Meghalaya chief 
minister Mukul Sangma and state party chief Vincent H Pala late on Monday 
to....05-Oct-2021","https://www.hindustantimes.com/india-news/meghalaya-congress-leaders-meet-sonia-rahul-gandhi-101633405992810.html","10","https://www.google.com/search?q=rahul+gandhi&biw=743&bih=750&tbs=cdr:1,cd_min:9/7/2021,cd_max:1/30/2022&tbm=nws&sxsrf=APwXEdcrIc0IEbw1XaXM957cwpY8DG2vRQ:1682283655312&ei=h5xFZJvZEoudseMPkrKVyAw&start=90&sa=N&ved=2ahUKEwjbuL798sD-AhWLTmwGHRJZBckQ8tMDegQIBBAU"
"1682283663-201","https://www.google.com/search?q=rahul+gandhi&biw=743&bih=750&sxsrf=APwXEdfzWRL4Ob-eURCUKHdqEBroa1mZOg%3A1682283558453&source=lnt&tbs=cdr%3A1%2Ccd_min%3A9%2F7%2F2021%2Ccd_max%3A1%2F30%2F2022&tbm=nws","जनज्वारगोदी मीडिया के पत्रकार पर भड़के Rahul Gandhi, कहा- सरकार की ...उन्होंने गुस्से में कहा कि सरकार की दलाली मत करो। Rahul Gandhi ne Patrkar 
ko kaha sarkar ki Dalali mat kro: Congress....21-Dec-2021","https://janjwar.com/national/rahul-gandhi-ne-patrkar-ko-kaha-sarkar-ki-dalali-mat-kro-latest-hindi-breaking-news-live-latest-news-aaj-ki-khabar-today-news-793667","10","https://www.google.com/search?q=rahul+gandhi&biw=743&bih=750&tbs=cdr:1,cd_min:9/7/2021,cd_max:1/30/2022&tbm=nws&sxsrf=APwXEdcrIc0IEbw1XaXM957cwpY8DG2vRQ:1682283655312&ei=h5xFZJvZEoudseMPkrKVyAw&start=90&sa=N&ved=2ahUKEwjbuL798sD-AhWLTmwGHRJZBckQ8tMDegQIBBAU"
"1682283663-202","https://www.google.com/search?q=rahul+gandhi&biw=743&bih=750&sxsrf=APwXEdfzWRL4Ob-eURCUKHdqEBroa1mZOg%3A1682283558453&source=lnt&tbs=cdr%3A1%2Ccd_min%3A9%2F7%2F2021%2Ccd_max%3A1%2F30%2F2022&tbm=nws","The WeekRahul Gandhi meet new team of Telangana Congress led by ...Congress leader Rahul Gandhi on Wednesday met the new team of Telangana 
Congress led by Revanth Reddy and discussed the party's plans going forward..08-Sept-2021","https://www.theweek.in/news/india/2021/09/08/rahul-gandhi-meet-new-team-of-telangana-congress-led-by-revanth-.html","10","https://www.google.com/search?q=rahul+gandhi&biw=743&bih=750&tbs=cdr:1,cd_min:9/7/2021,cd_max:1/30/2022&tbm=nws&sxsrf=APwXEdcrIc0IEbw1XaXM957cwpY8DG2vRQ:1682283655312&ei=h5xFZJvZEoudseMPkrKVyAw&start=90&sa=N&ved=2ahUKEwjbuL798sD-AhWLTmwGHRJZBckQ8tMDegQIBBAU"
"1682283663-203","https://www.google.com/search?q=rahul+gandhi&biw=743&bih=750&sxsrf=APwXEdfzWRL4Ob-eURCUKHdqEBroa1mZOg%3A1682283558453&source=lnt&tbs=cdr%3A1%2Ccd_min%3A9%2F7%2F2021%2Ccd_max%3A1%2F30%2F2022&tbm=nws","Hindustan TimesCongress to get full-time president next September, says head of party's 
poll bodyCongress leaders Sonia Gandhi and Rahul Gandhi. The party is currently 
headed by interim president Sonia Gandhi, who took over after her son and 
Congress MP....29-Dec-2021","https://www.hindustantimes.com/india-news/congress-to-get-full-time-president-next-september-head-of-party-s-poll-body-101640772184475.html","10","https://www.google.com/search?q=rahul+gandhi&biw=743&bih=750&tbs=cdr:1,cd_min:9/7/2021,cd_max:1/30/2022&tbm=nws&sxsrf=APwXEdcrIc0IEbw1XaXM957cwpY8DG2vRQ:1682283655312&ei=h5xFZJvZEoudseMPkrKVyAw&start=90&sa=N&ved=2ahUKEwjbuL798sD-AhWLTmwGHRJZBckQ8tMDegQIBBAU"
"1682283663-204","https://www.google.com/search?q=rahul+gandhi&biw=743&bih=750&sxsrf=APwXEdfzWRL4Ob-eURCUKHdqEBroa1mZOg%3A1682283558453&source=lnt&tbs=cdr%3A1%2Ccd_min%3A9%2F7%2F2021%2Ccd_max%3A1%2F30%2F2022&tbm=nws","Mint‘Have to think’: Ajit Pawar cites Omicron on nod for Rahul Gandhi's Mumbai 
visit | MintThe Maharashtra administration would have to think about granting 
permission to Congress leader Rahul Gandhi for his visit to Mumbai on 28 
December if the....09-Dec-2021","https://www.livemint.com/news/india/have-to-think-ajit-pawar-cites-omicron-on-nod-for-rahul-gandhi-s-mumbai-visit-11639049596888.html","10","https://www.google.com/search?q=rahul+gandhi&biw=743&bih=750&tbs=cdr:1,cd_min:9/7/2021,cd_max:1/30/2022&tbm=nws&sxsrf=APwXEdcrIc0IEbw1XaXM957cwpY8DG2vRQ:1682283655312&ei=h5xFZJvZEoudseMPkrKVyAw&start=90&sa=N&ved=2ahUKEwjbuL798sD-AhWLTmwGHRJZBckQ8tMDegQIBBAU"
"1682283663-205","https://www.google.com/search?q=rahul+gandhi&biw=743&bih=750&sxsrf=APwXEdfzWRL4Ob-eURCUKHdqEBroa1mZOg%3A1682283558453&source=lnt&tbs=cdr%3A1%2Ccd_min%3A9%2F7%2F2021%2Ccd_max%3A1%2F30%2F2022&tbm=nws","TV9 BharatvarshRahul Gandhi: आज से केरल की दो दिवसीय यात्रा पर राहुल गांधी, अपने संसदीय 
क्षेत्र वायनाड का करेंगे दौराRahul Gandhi in Kerala: कांग्रेस नेता राहुल गांधी दो दिवसीय यात्रा पर केरल 
के लिए रवाना हो रहे हैं..22-Dec-2021","https://www.tv9hindi.com/india/congress-leader-rahul-gandhi-to-visit-his-lok-sabha-constituency-kerala-wayanad-970650.html","10","https://www.google.com/search?q=rahul+gandhi&biw=743&bih=750&tbs=cdr:1,cd_min:9/7/2021,cd_max:1/30/2022&tbm=nws&sxsrf=APwXEdcrIc0IEbw1XaXM957cwpY8DG2vRQ:1682283655312&ei=h5xFZJvZEoudseMPkrKVyAw&start=90&sa=N&ved=2ahUKEwjbuL798sD-AhWLTmwGHRJZBckQ8tMDegQIBBAU"
"1682283666-206","https://www.google.com/search?q=rahul+gandhi&biw=743&bih=750&sxsrf=APwXEdfzWRL4Ob-eURCUKHdqEBroa1mZOg%3A1682283558453&source=lnt&tbs=cdr%3A1%2Ccd_min%3A9%2F7%2F2021%2Ccd_max%3A1%2F30%2F2022&tbm=nws","ThePrintPriyanka Gandhi, like Modi, knows it’s all about the visuals. But Lakhimpur 
Kheri was moreCongress leaders Rahul Gandhi and Priyanka Gandhi Vadra meet the family 
members of deceased farmer Lavpreet Singh in Lakhimpur Kheri, on 6 October 
2021..09-Oct-2021","https://theprint.in/opinion/newsmaker-of-the-week/priyanka-gandhi-like-modi-knows-its-all-about-visuals-but-lakhimpur-kheri-was-more/747925/","9","https://www.google.com/search?q=rahul+gandhi&biw=743&bih=750&tbs=cdr:1,cd_min:9/7/2021,cd_max:1/30/2022&tbm=nws&sxsrf=APwXEdcrIc0IEbw1XaXM957cwpY8DG2vRQ:1682283655312&ei=h5xFZJvZEoudseMPkrKVyAw&start=80&sa=N&ved=2ahUKEwjbuL798sD-AhWLTmwGHRJZBckQ8tMDegQIBBAS"
"1682283666-207","https://www.google.com/search?q=rahul+gandhi&biw=743&bih=750&sxsrf=APwXEdfzWRL4Ob-eURCUKHdqEBroa1mZOg%3A1682283558453&source=lnt&tbs=cdr%3A1%2Ccd_min%3A9%2F7%2F2021%2Ccd_max%3A1%2F30%2F2022&tbm=nws","The Economic TimesAnurag Thakur calls Rahul Gandhi 'Raul Vinci' after Gandhi says 
Hindutvawadis spread hatredUnion Minister Anurag Singh Thakur on Friday slammed Congress leader Rahul 
Gandhi by calling him 'Raul Vinci'. In a tweet, Thakur wrote, ""Afsarwaadi 
Hindu,....24-Dec-2021","https://economictimes.indiatimes.com/news/politics-and-nation/anurag-thakur-calls-rahul-gandhi-raul-vinci-after-gandhi-says-hindutvawadis-spread-hatred/articleshow/88480473.cms","9","https://www.google.com/search?q=rahul+gandhi&biw=743&bih=750&tbs=cdr:1,cd_min:9/7/2021,cd_max:1/30/2022&tbm=nws&sxsrf=APwXEdcrIc0IEbw1XaXM957cwpY8DG2vRQ:1682283655312&ei=h5xFZJvZEoudseMPkrKVyAw&start=80&sa=N&ved=2ahUKEwjbuL798sD-AhWLTmwGHRJZBckQ8tMDegQIBBAS"
"1682283666-208","https://www.google.com/search?q=rahul+gandhi&biw=743&bih=750&sxsrf=APwXEdfzWRL4Ob-eURCUKHdqEBroa1mZOg%3A1682283558453&source=lnt&tbs=cdr%3A1%2Ccd_min%3A9%2F7%2F2021%2Ccd_max%3A1%2F30%2F2022&tbm=nws","Deccan HeraldRahul Gandhi joins marital rape debate, says consent needs to be 
foregrounded to ensure safety for womenTop Congress leader Rahul Gandhi on Sunday came out in support of those 
arguing for the criminalisation of marital rape, saying consent is the 
""most....16-Jan-2022","https://www.deccanherald.com/national/rahul-gandhi-joins-marital-rape-debate-says-consent-needs-to-be-foregrounded-to-ensure-safety-for-women-1071704.html","9","https://www.google.com/search?q=rahul+gandhi&biw=743&bih=750&tbs=cdr:1,cd_min:9/7/2021,cd_max:1/30/2022&tbm=nws&sxsrf=APwXEdcrIc0IEbw1XaXM957cwpY8DG2vRQ:1682283655312&ei=h5xFZJvZEoudseMPkrKVyAw&start=80&sa=N&ved=2ahUKEwjbuL798sD-AhWLTmwGHRJZBckQ8tMDegQIBBAS"
"1682283666-209","https://www.google.com/search?q=rahul+gandhi&biw=743&bih=750&sxsrf=APwXEdfzWRL4Ob-eURCUKHdqEBroa1mZOg%3A1682283558453&source=lnt&tbs=cdr%3A1%2Ccd_min%3A9%2F7%2F2021%2Ccd_max%3A1%2F30%2F2022&tbm=nws","KoimoiShah Rukh Khan’s Letter From Rahul Gandhi Read “I’ve Seen The Good Work 
You’ve Done…” Wishing A Family Reunion Amid Aryan Khan’s ArrestSenior Congress leader Rahul Gandhi came out in support of the superstar 
and expressed his concern as well. For the unversed, Aryan, Arbaaz 
Merchant, Munmun....04-Nov-2021","https://www.koimoi.com/bollywood-news/shah-rukh-khans-letter-from-rahul-gandhi-read-ive-seen-the-good-work-youve-done-wishing-a-family-reunion-amid-aryan-khans-arrest/","9","https://www.google.com/search?q=rahul+gandhi&biw=743&bih=750&tbs=cdr:1,cd_min:9/7/2021,cd_max:1/30/2022&tbm=nws&sxsrf=APwXEdcrIc0IEbw1XaXM957cwpY8DG2vRQ:1682283655312&ei=h5xFZJvZEoudseMPkrKVyAw&start=80&sa=N&ved=2ahUKEwjbuL798sD-AhWLTmwGHRJZBckQ8tMDegQIBBAS"
"1682283666-210","https://www.google.com/search?q=rahul+gandhi&biw=743&bih=750&sxsrf=APwXEdfzWRL4Ob-eURCUKHdqEBroa1mZOg%3A1682283558453&source=lnt&tbs=cdr%3A1%2Ccd_min%3A9%2F7%2F2021%2Ccd_max%3A1%2F30%2F2022&tbm=nws","The Indian ExpressModi government’s inaction against China ‘jeopardising’ close neighbours: 
Rahul GandhiCongress leader Rahul Gandhi on Friday attacked the Modi government 
alleging it first surrendered its own land to China and is now jeopardising 
country's....14-Jan-2022","https://indianexpress.com/article/india/rahul-gandhi-modi-govt-china-7723506/","9","https://www.google.com/search?q=rahul+gandhi&biw=743&bih=750&tbs=cdr:1,cd_min:9/7/2021,cd_max:1/30/2022&tbm=nws&sxsrf=APwXEdcrIc0IEbw1XaXM957cwpY8DG2vRQ:1682283655312&ei=h5xFZJvZEoudseMPkrKVyAw&start=80&sa=N&ved=2ahUKEwjbuL798sD-AhWLTmwGHRJZBckQ8tMDegQIBBAS"
"1682283666-211","https://www.google.com/search?q=rahul+gandhi&biw=743&bih=750&sxsrf=APwXEdfzWRL4Ob-eURCUKHdqEBroa1mZOg%3A1682283558453&source=lnt&tbs=cdr%3A1%2Ccd_min%3A9%2F7%2F2021%2Ccd_max%3A1%2F30%2F2022&tbm=nws","Jagran EnglishCabinet expansion in Rajasthan? Rahul Gandhi holds high-level meet with 
Ashok GehlotNew Delhi | Jagran Politics Desk: Former Congress president Rahul Gandhi on 
Saturday met Rajasthan Chief Minister Ashok Gehlot on the sidelines of 
the....17-Oct-2021","https://english.jagran.com/politics/cabinet-expansion-in-rajasthan-rahul-gandhi-holds-highlevel-meet-with-ashok-gehlot-10033706","9","https://www.google.com/search?q=rahul+gandhi&biw=743&bih=750&tbs=cdr:1,cd_min:9/7/2021,cd_max:1/30/2022&tbm=nws&sxsrf=APwXEdcrIc0IEbw1XaXM957cwpY8DG2vRQ:1682283655312&ei=h5xFZJvZEoudseMPkrKVyAw&start=80&sa=N&ved=2ahUKEwjbuL798sD-AhWLTmwGHRJZBckQ8tMDegQIBBAS"
"1682283666-212","https://www.google.com/search?q=rahul+gandhi&biw=743&bih=750&sxsrf=APwXEdfzWRL4Ob-eURCUKHdqEBroa1mZOg%3A1682283558453&source=lnt&tbs=cdr%3A1%2Ccd_min%3A9%2F7%2F2021%2Ccd_max%3A1%2F30%2F2022&tbm=nws","The QuintSachin Pilot Met Rahul Gandhi To Discuss Rajasthan Cabinet ...Former Rajasthan Deputy Chief Minister Sachin Pilot met Congress leader and 
former party chief Rahul Gandhi on Friday, 17 September, to discuss the....21-Sept-2021","https://www.thequint.com/news/india/sachin-pilot-rahul-gandhi-congress-rajasthan-cabinet-reshuffle","9","https://www.google.com/search?q=rahul+gandhi&biw=743&bih=750&tbs=cdr:1,cd_min:9/7/2021,cd_max:1/30/2022&tbm=nws&sxsrf=APwXEdcrIc0IEbw1XaXM957cwpY8DG2vRQ:1682283655312&ei=h5xFZJvZEoudseMPkrKVyAw&start=80&sa=N&ved=2ahUKEwjbuL798sD-AhWLTmwGHRJZBckQ8tMDegQIBBAS"
"1682283666-213","https://www.google.com/search?q=rahul+gandhi&biw=743&bih=750&sxsrf=APwXEdfzWRL4Ob-eURCUKHdqEBroa1mZOg%3A1682283558453&source=lnt&tbs=cdr%3A1%2Ccd_min%3A9%2F7%2F2021%2Ccd_max%3A1%2F30%2F2022&tbm=nws","Mid-DayMagistrate summoned Rahul Gandhi as evidence prima facie points to offence, 
complainant tells Bombay HCThe Bombay High Court posted Gandhi's petition challenging the summons for 
... A BJP worker, who had filed a defamation complaint against Rahul Gandhi 
over....16-Dec-2021","https://www.mid-day.com/mumbai/mumbai-news/article/magistrate-summoned-rahul-gandhi-as-evidence-prima-facie-points-to-offence-complainant-tells-bombay-hc-23205354","9","https://www.google.com/search?q=rahul+gandhi&biw=743&bih=750&tbs=cdr:1,cd_min:9/7/2021,cd_max:1/30/2022&tbm=nws&sxsrf=APwXEdcrIc0IEbw1XaXM957cwpY8DG2vRQ:1682283655312&ei=h5xFZJvZEoudseMPkrKVyAw&start=80&sa=N&ved=2ahUKEwjbuL798sD-AhWLTmwGHRJZBckQ8tMDegQIBBAS"
"1682283666-214","https://www.google.com/search?q=rahul+gandhi&biw=743&bih=750&sxsrf=APwXEdfzWRL4Ob-eURCUKHdqEBroa1mZOg%3A1682283558453&source=lnt&tbs=cdr%3A1%2Ccd_min%3A9%2F7%2F2021%2Ccd_max%3A1%2F30%2F2022&tbm=nws","Jansattaराहुल गांधी को खुद नहीं पता वो हिंदू हैं, मुस्लिम या क्रिश्‍चयन? हरियाणा के 
बीजेपी विधायक ने साधा निशानाrahul gandhi hindu muslim or Christian. बीजेपी विधायक असीम गोयल। Photo 
Credit: Ani. कांग्रेस के वरिष्‍ठ नेता....26-Dec-2021","https://www.jansatta.com/politics/rahul-gandhi-himself-doesnt-know-if-he-is-hindu-muslim-or-christian-haryana-bjp-mla/1974538/","9","https://www.google.com/search?q=rahul+gandhi&biw=743&bih=750&tbs=cdr:1,cd_min:9/7/2021,cd_max:1/30/2022&tbm=nws&sxsrf=APwXEdcrIc0IEbw1XaXM957cwpY8DG2vRQ:1682283655312&ei=h5xFZJvZEoudseMPkrKVyAw&start=80&sa=N&ved=2ahUKEwjbuL798sD-AhWLTmwGHRJZBckQ8tMDegQIBBAS"
"1682283666-215","https://www.google.com/search?q=rahul+gandhi&biw=743&bih=750&sxsrf=APwXEdfzWRL4Ob-eURCUKHdqEBroa1mZOg%3A1682283558453&source=lnt&tbs=cdr%3A1%2Ccd_min%3A9%2F7%2F2021%2Ccd_max%3A1%2F30%2F2022&tbm=nws","Hindustan TimesGoa assembly polls: Rahul Gandhi to hold virtual rally in CM Sawant’s 
Sanquelim constituency on Feb 2The visit will be Rahul Gandhi's first since the Election Commission of 
India announced the schedule for the assembly polls in Goa..29-Jan-2022","https://www.hindustantimes.com/elections/goa-assembly-election/goa-assembly-polls-rahul-gandhi-to-hold-virtual-rally-in-cm-sawant-s-sanquelim-constituency-on-feb-2-101643462752820.html","9","https://www.google.com/search?q=rahul+gandhi&biw=743&bih=750&tbs=cdr:1,cd_min:9/7/2021,cd_max:1/30/2022&tbm=nws&sxsrf=APwXEdcrIc0IEbw1XaXM957cwpY8DG2vRQ:1682283655312&ei=h5xFZJvZEoudseMPkrKVyAw&start=80&sa=N&ved=2ahUKEwjbuL798sD-AhWLTmwGHRJZBckQ8tMDegQIBBAS"
"1682283669-216","https://www.google.com/search?q=rahul+gandhi&biw=743&bih=750&sxsrf=APwXEdfzWRL4Ob-eURCUKHdqEBroa1mZOg%3A1682283558453&source=lnt&tbs=cdr%3A1%2Ccd_min%3A9%2F7%2F2021%2Ccd_max%3A1%2F30%2F2022&tbm=nws","Tribune IndiaRahul Gandhi 'pickpocketed' during Amritsar visit?SAD leader Harsimrat Kaur Badal has created a political furore in the 
politically charged atmosphere by tweeting, “Who picked Congress leader 
Rahul Gandhi's....30-Jan-2022","https://www.tribuneindia.com/news/punjab/rahul-gandhi-pickpocketed-during-amritsar-visit-365379","8","https://www.google.com/search?q=rahul+gandhi&biw=743&bih=750&tbs=cdr:1,cd_min:9/7/2021,cd_max:1/30/2022&tbm=nws&sxsrf=APwXEdcrIc0IEbw1XaXM957cwpY8DG2vRQ:1682283655312&ei=h5xFZJvZEoudseMPkrKVyAw&start=70&sa=N&ved=2ahUKEwjbuL798sD-AhWLTmwGHRJZBckQ8tMDegQIBBAQ"
"1682283669-217","https://www.google.com/search?q=rahul+gandhi&biw=743&bih=750&sxsrf=APwXEdfzWRL4Ob-eURCUKHdqEBroa1mZOg%3A1682283558453&source=lnt&tbs=cdr%3A1%2Ccd_min%3A9%2F7%2F2021%2Ccd_max%3A1%2F30%2F2022&tbm=nws","Deccan HeraldRahul Gandhi again targets Modi govt on Chinese incursionsTop Congress leader Rahul Gandhi on Sunday once again targeted the 
government over the Chinese ""incursions"" in Ladakh and Uttarakhand by 
taking a swipe at....03-Oct-2021","https://www.deccanherald.com/national/national-politics/rahul-gandhi-again-targets-modi-govt-on-chinese-incursions-1036870.html","8","https://www.google.com/search?q=rahul+gandhi&biw=743&bih=750&tbs=cdr:1,cd_min:9/7/2021,cd_max:1/30/2022&tbm=nws&sxsrf=APwXEdcrIc0IEbw1XaXM957cwpY8DG2vRQ:1682283655312&ei=h5xFZJvZEoudseMPkrKVyAw&start=70&sa=N&ved=2ahUKEwjbuL798sD-AhWLTmwGHRJZBckQ8tMDegQIBBAQ"
"1682283669-218","https://www.google.com/search?q=rahul+gandhi&biw=743&bih=750&sxsrf=APwXEdfzWRL4Ob-eURCUKHdqEBroa1mZOg%3A1682283558453&source=lnt&tbs=cdr%3A1%2Ccd_min%3A9%2F7%2F2021%2Ccd_max%3A1%2F30%2F2022&tbm=nws","The Hindu Business LineNew Covid variant a serious threat: Rahul GandhiFormer Congress chief Rahul Gandhi has expressed concern over the emergence 
of a new coronavirus variant and asked the government to provide vaccine....27-Nov-2021","https://www.thehindubusinessline.com/news/national/new-covid-variant-a-serious-threat-rahul/article37718639.ece","8","https://www.google.com/search?q=rahul+gandhi&biw=743&bih=750&tbs=cdr:1,cd_min:9/7/2021,cd_max:1/30/2022&tbm=nws&sxsrf=APwXEdcrIc0IEbw1XaXM957cwpY8DG2vRQ:1682283655312&ei=h5xFZJvZEoudseMPkrKVyAw&start=70&sa=N&ved=2ahUKEwjbuL798sD-AhWLTmwGHRJZBckQ8tMDegQIBBAQ"
"1682283669-219","https://www.google.com/search?q=rahul+gandhi&biw=743&bih=750&sxsrf=APwXEdfzWRL4Ob-eURCUKHdqEBroa1mZOg%3A1682283558453&source=lnt&tbs=cdr%3A1%2Ccd_min%3A9%2F7%2F2021%2Ccd_max%3A1%2F30%2F2022&tbm=nws","Republic WorldRahul Gandhi condoles demise of Oscar Fernandes, terms it 'personal loss'Congress former President and Wayanad MP Rahul Gandhi expressed his 
condolences over the demise of former Union Minister Oscar Fernandes..13-Sept-2021","https://www.republicworld.com/india-news/politics/rahul-gandhi-condoles-demise-of-oscar-fernandes-terms-it-personal-loss.html","8","https://www.google.com/search?q=rahul+gandhi&biw=743&bih=750&tbs=cdr:1,cd_min:9/7/2021,cd_max:1/30/2022&tbm=nws&sxsrf=APwXEdcrIc0IEbw1XaXM957cwpY8DG2vRQ:1682283655312&ei=h5xFZJvZEoudseMPkrKVyAw&start=70&sa=N&ved=2ahUKEwjbuL798sD-AhWLTmwGHRJZBckQ8tMDegQIBBAQ"
"1682283669-220","https://www.google.com/search?q=rahul+gandhi&biw=743&bih=750&sxsrf=APwXEdfzWRL4Ob-eURCUKHdqEBroa1mZOg%3A1682283558453&source=lnt&tbs=cdr%3A1%2Ccd_min%3A9%2F7%2F2021%2Ccd_max%3A1%2F30%2F2022&tbm=nws","ANI NewsRahul Gandhi tweet controversy: Delhi HC issues notice to ...Rahul Gandhi tweet controversy: Delhi HC issues notice to Twitter. ANI | 
Updated: Oct 05, 2021 13:00 IST..05-Oct-2021","https://www.aninews.in/news/national/general-news/rahul-gandhi-tweet-controversy-delhi-hc-issues-notice-to-twitter20211005130036","8","https://www.google.com/search?q=rahul+gandhi&biw=743&bih=750&tbs=cdr:1,cd_min:9/7/2021,cd_max:1/30/2022&tbm=nws&sxsrf=APwXEdcrIc0IEbw1XaXM957cwpY8DG2vRQ:1682283655312&ei=h5xFZJvZEoudseMPkrKVyAw&start=70&sa=N&ved=2ahUKEwjbuL798sD-AhWLTmwGHRJZBckQ8tMDegQIBBAQ"
"1682283669-221","https://www.google.com/search?q=rahul+gandhi&biw=743&bih=750&sxsrf=APwXEdfzWRL4Ob-eURCUKHdqEBroa1mZOg%3A1682283558453&source=lnt&tbs=cdr%3A1%2Ccd_min%3A9%2F7%2F2021%2Ccd_max%3A1%2F30%2F2022&tbm=nws","The Indian Express‘Covid-19 boosters need of the hour’: Chidambaram, Rahul Gandhi mount 
pressure on govtSenior Congress leaders, including P Chidambaram and Rahul Gandhi, have 
started mounting pressure on the Centre to allow booster shots, even though 
the....23-Dec-2021","https://indianexpress.com/article/india/omicron-covid-19-boosters-p-chidambaram-rahul-gandhi-7686331/","8","https://www.google.com/search?q=rahul+gandhi&biw=743&bih=750&tbs=cdr:1,cd_min:9/7/2021,cd_max:1/30/2022&tbm=nws&sxsrf=APwXEdcrIc0IEbw1XaXM957cwpY8DG2vRQ:1682283655312&ei=h5xFZJvZEoudseMPkrKVyAw&start=70&sa=N&ved=2ahUKEwjbuL798sD-AhWLTmwGHRJZBckQ8tMDegQIBBAQ"
"1682283669-222","https://www.google.com/search?q=rahul+gandhi&biw=743&bih=750&sxsrf=APwXEdfzWRL4Ob-eURCUKHdqEBroa1mZOg%3A1682283558453&source=lnt&tbs=cdr%3A1%2Ccd_min%3A9%2F7%2F2021%2Ccd_max%3A1%2F30%2F2022&tbm=nws","Navbharat TimesRahul Gandhi: 'ये हिन्दुओं का देश हैं हिन्दुत्ववादियों का नहीं', महंगाई को 
लेकर भी मोदी पर बरसे राहुलRahul Gandhi: 'ये हिन्दुओं का देश हैं हिन्दुत्ववादियों का नहीं', महंगाई को 
लेकर भी मोदी पर बरसे....12-Dec-2021","https://navbharattimes.indiatimes.com/state/rajasthan/jaipur/rahul-gandhi-speech-at-congress-rally-in-jaipur-live/articleshow/88237541.cms","8","https://www.google.com/search?q=rahul+gandhi&biw=743&bih=750&tbs=cdr:1,cd_min:9/7/2021,cd_max:1/30/2022&tbm=nws&sxsrf=APwXEdcrIc0IEbw1XaXM957cwpY8DG2vRQ:1682283655312&ei=h5xFZJvZEoudseMPkrKVyAw&start=70&sa=N&ved=2ahUKEwjbuL798sD-AhWLTmwGHRJZBckQ8tMDegQIBBAQ"
"1682283669-223","https://www.google.com/search?q=rahul+gandhi&biw=743&bih=750&sxsrf=APwXEdfzWRL4Ob-eURCUKHdqEBroa1mZOg%3A1682283558453&source=lnt&tbs=cdr%3A1%2Ccd_min%3A9%2F7%2F2021%2Ccd_max%3A1%2F30%2F2022&tbm=nws","India TodayWhy Sharad Pawar sees Rahul Gandhi as a powerless landlordMore importantly, Rahul Gandhi's leadership remains non-negotiable to them. 
Pawar has hinted that this could be a roadblock to achieving opposition 
unity. Asked....14-Sept-2021","https://www.indiatoday.in/india-today-insight/story/why-sharad-pawar-sees-rahul-gandhi-as-a-powerless-landlord-1852680-2021-09-14","8","https://www.google.com/search?q=rahul+gandhi&biw=743&bih=750&tbs=cdr:1,cd_min:9/7/2021,cd_max:1/30/2022&tbm=nws&sxsrf=APwXEdcrIc0IEbw1XaXM957cwpY8DG2vRQ:1682283655312&ei=h5xFZJvZEoudseMPkrKVyAw&start=70&sa=N&ved=2ahUKEwjbuL798sD-AhWLTmwGHRJZBckQ8tMDegQIBBAQ"
"1682283669-224","https://www.google.com/search?q=rahul+gandhi&biw=743&bih=750&sxsrf=APwXEdfzWRL4Ob-eURCUKHdqEBroa1mZOg%3A1682283558453&source=lnt&tbs=cdr%3A1%2Ccd_min%3A9%2F7%2F2021%2Ccd_max%3A1%2F30%2F2022&tbm=nws","ThePrintRahul Gandhi can’t spot Congress sinking, and what politics has done to 
Gandhian idealsRahul Gandhi can't spot Congress sinking, and what politics has done to 
Gandhian ideals. The best cartoons of the day, chosen by the editors at 
ThePrint..01-Oct-2021","https://theprint.in/last-laughs/rahul-gandhi-cant-spot-congress-sinking-and-what-politics-has-done-to-gandhian-ideals/743541/","8","https://www.google.com/search?q=rahul+gandhi&biw=743&bih=750&tbs=cdr:1,cd_min:9/7/2021,cd_max:1/30/2022&tbm=nws&sxsrf=APwXEdcrIc0IEbw1XaXM957cwpY8DG2vRQ:1682283655312&ei=h5xFZJvZEoudseMPkrKVyAw&start=70&sa=N&ved=2ahUKEwjbuL798sD-AhWLTmwGHRJZBckQ8tMDegQIBBAQ"
"1682283669-225","https://www.google.com/search?q=rahul+gandhi&biw=743&bih=750&sxsrf=APwXEdfzWRL4Ob-eURCUKHdqEBroa1mZOg%3A1682283558453&source=lnt&tbs=cdr%3A1%2Ccd_min%3A9%2F7%2F2021%2Ccd_max%3A1%2F30%2F2022&tbm=nws","India TodayHathras case: Rahul says wait for justice continues, Priyanka calls UP CM 
'champion of anti-women mindset'Congress leaders Rahul and Priyanka Gandhi on Tuesday hit out at Uttar 
Pradesh chief minister Yogi Adityanath over the Hathras case. While 
Priyanka Gandhi....14-Sept-2021","https://www.indiatoday.in/india/story/hathras-case-rahul-priyanka-gandhi-slam-uttar-pradesh-chief-minister-yogi-adityanath-1852850-2021-09-14","8","https://www.google.com/search?q=rahul+gandhi&biw=743&bih=750&tbs=cdr:1,cd_min:9/7/2021,cd_max:1/30/2022&tbm=nws&sxsrf=APwXEdcrIc0IEbw1XaXM957cwpY8DG2vRQ:1682283655312&ei=h5xFZJvZEoudseMPkrKVyAw&start=70&sa=N&ved=2ahUKEwjbuL798sD-AhWLTmwGHRJZBckQ8tMDegQIBBAQ"
"1682283671-226","https://www.google.com/search?q=rahul+gandhi&biw=743&bih=750&sxsrf=APwXEdfzWRL4Ob-eURCUKHdqEBroa1mZOg%3A1682283558453&source=lnt&tbs=cdr%3A1%2Ccd_min%3A9%2F7%2F2021%2Ccd_max%3A1%2F30%2F2022&tbm=nws","Hindustan TimesCongress postpones Rahul Gandhi's proposed Dec 28 Mumbai rally amid Omicron 
spreadThe Congress on Tuesday postponed a proposed rally of party leader Rahul 
Gandhi in Maharashtra capital Mumbai as cases of Omicron variant of 
coronavirus....14-Dec-2021","https://www.hindustantimes.com/india-news/cong-postpones-rahul-gandhi-s-proposed-dec-28-mumbai-rally-amid-omicron-spread-101639499870395.html","7","https://www.google.com/search?q=rahul+gandhi&biw=743&bih=750&tbs=cdr:1,cd_min:9/7/2021,cd_max:1/30/2022&tbm=nws&sxsrf=APwXEdcrIc0IEbw1XaXM957cwpY8DG2vRQ:1682283655312&ei=h5xFZJvZEoudseMPkrKVyAw&start=60&sa=N&ved=2ahUKEwjbuL798sD-AhWLTmwGHRJZBckQ8tMDegQIBBAO"
"1682283671-227","https://www.google.com/search?q=rahul+gandhi&biw=743&bih=750&sxsrf=APwXEdfzWRL4Ob-eURCUKHdqEBroa1mZOg%3A1682283558453&source=lnt&tbs=cdr%3A1%2Ccd_min%3A9%2F7%2F2021%2Ccd_max%3A1%2F30%2F2022&tbm=nws","India TodayRahul Gandhi to visit Jammu tomorrow; BJP to launch mega outreach programme 
in J-KHe is scheduled to address the party workers and leaders in Jammu"", Raman 
Bhalla told India Today. advertisement. The Congress is hopeful that Rahul 
Gandhi's....08-Sept-2021","https://www.indiatoday.in/india/story/rahul-gandhi-visit-jammu-bjp-launches-mega-outreach-programme-jammu-kashmir-1850446-2021-09-08","7","https://www.google.com/search?q=rahul+gandhi&biw=743&bih=750&tbs=cdr:1,cd_min:9/7/2021,cd_max:1/30/2022&tbm=nws&sxsrf=APwXEdcrIc0IEbw1XaXM957cwpY8DG2vRQ:1682283655312&ei=h5xFZJvZEoudseMPkrKVyAw&start=60&sa=N&ved=2ahUKEwjbuL798sD-AhWLTmwGHRJZBckQ8tMDegQIBBAO"
"1682283671-228","https://www.google.com/search?q=rahul+gandhi&biw=743&bih=750&sxsrf=APwXEdfzWRL4Ob-eURCUKHdqEBroa1mZOg%3A1682283558453&source=lnt&tbs=cdr%3A1%2Ccd_min%3A9%2F7%2F2021%2Ccd_max%3A1%2F30%2F2022&tbm=nws","Telegraph IndiaRahul hits out at PM for his silence over ‘killings of farmers and BJP 
workers’Congress leader Rahul Gandhi Sunday hit out at Prime Minister Narendra Modi 
saying he remains silent on the ""killings of farmers and BJP workers"",....10-Oct-2021","https://www.telegraphindia.com/india/rahul-gandhi-hits-out-at-pm-for-his-silence-over-killings-of-farmers-and-bjp-workers/cid/1834150","7","https://www.google.com/search?q=rahul+gandhi&biw=743&bih=750&tbs=cdr:1,cd_min:9/7/2021,cd_max:1/30/2022&tbm=nws&sxsrf=APwXEdcrIc0IEbw1XaXM957cwpY8DG2vRQ:1682283655312&ei=h5xFZJvZEoudseMPkrKVyAw&start=60&sa=N&ved=2ahUKEwjbuL798sD-AhWLTmwGHRJZBckQ8tMDegQIBBAO"
"1682283671-229","https://www.google.com/search?q=rahul+gandhi&biw=743&bih=750&sxsrf=APwXEdfzWRL4Ob-eURCUKHdqEBroa1mZOg%3A1682283558453&source=lnt&tbs=cdr%3A1%2Ccd_min%3A9%2F7%2F2021%2Ccd_max%3A1%2F30%2F2022&tbm=nws","The Indian ExpressGujarat court asks Rahul Gandhi to appear on Oct 29 in defamation caseA magistrate court in Surat has directed Congress leader Rahul Gandhi to 
appear before it on October 29 to record his statement in connection with 
a....26-Oct-2021","https://indianexpress.com/article/cities/surat/gujarat-court-asks-rahul-gandhi-to-appear-on-oct-29-in-defamation-case-7591376/","7","https://www.google.com/search?q=rahul+gandhi&biw=743&bih=750&tbs=cdr:1,cd_min:9/7/2021,cd_max:1/30/2022&tbm=nws&sxsrf=APwXEdcrIc0IEbw1XaXM957cwpY8DG2vRQ:1682283655312&ei=h5xFZJvZEoudseMPkrKVyAw&start=60&sa=N&ved=2ahUKEwjbuL798sD-AhWLTmwGHRJZBckQ8tMDegQIBBAO"
"1682283671-230","https://www.google.com/search?q=rahul+gandhi&biw=743&bih=750&sxsrf=APwXEdfzWRL4Ob-eURCUKHdqEBroa1mZOg%3A1682283558453&source=lnt&tbs=cdr%3A1%2Ccd_min%3A9%2F7%2F2021%2Ccd_max%3A1%2F30%2F2022&tbm=nws","News18Ground Report: How Congress Lost Bhatta-Parsaul, Ground Zero of Rahul 
Gandhi’s First Successful AgitationBhatta Parsaul, an area which came to the limelight after the anti-land 
acquisition movement in 2011 and led to Rahul Gandhi successfully taking up 
farmers....22-Jan-2022","https://www.news18.com/news/politics/ground-report-how-congress-lost-bhatta-parsaul-ground-zero-of-rahul-gandhis-first-successful-agitation-4685729.html","7","https://www.google.com/search?q=rahul+gandhi&biw=743&bih=750&tbs=cdr:1,cd_min:9/7/2021,cd_max:1/30/2022&tbm=nws&sxsrf=APwXEdcrIc0IEbw1XaXM957cwpY8DG2vRQ:1682283655312&ei=h5xFZJvZEoudseMPkrKVyAw&start=60&sa=N&ved=2ahUKEwjbuL798sD-AhWLTmwGHRJZBckQ8tMDegQIBBAO"
"1682283671-231","https://www.google.com/search?q=rahul+gandhi&biw=743&bih=750&sxsrf=APwXEdfzWRL4Ob-eURCUKHdqEBroa1mZOg%3A1682283558453&source=lnt&tbs=cdr%3A1%2Ccd_min%3A9%2F7%2F2021%2Ccd_max%3A1%2F30%2F2022&tbm=nws","The StatesmanThe disintegration of Rahul’s teamDid former Congress President Rahul Gandhi nurture leaders who were 
weathercocks in his coterie? Going by the number of desertions of young 
Congress leaders....30-Jan-2022","https://www.thestatesman.com/opinion/disintegration-rahuls-team-1503042347.html","7","https://www.google.com/search?q=rahul+gandhi&biw=743&bih=750&tbs=cdr:1,cd_min:9/7/2021,cd_max:1/30/2022&tbm=nws&sxsrf=APwXEdcrIc0IEbw1XaXM957cwpY8DG2vRQ:1682283655312&ei=h5xFZJvZEoudseMPkrKVyAw&start=60&sa=N&ved=2ahUKEwjbuL798sD-AhWLTmwGHRJZBckQ8tMDegQIBBAO"
"1682283671-232","https://www.google.com/search?q=rahul+gandhi&biw=743&bih=750&sxsrf=APwXEdfzWRL4Ob-eURCUKHdqEBroa1mZOg%3A1682283558453&source=lnt&tbs=cdr%3A1%2Ccd_min%3A9%2F7%2F2021%2Ccd_max%3A1%2F30%2F2022&tbm=nws","Hindustan TimesRahul Gandhi may return to India from foreign trip in second week of Jan: 
ReportCongress is gearing up for the upcoming assembly elections in five states 
and Rahul Gandhi, who takes crucial decisions without a formal senior 
party....06-Jan-2022","https://www.hindustantimes.com/india-news/rahul-gandhi-may-return-to-india-from-foreign-trip-in-second-week-of-jan-report-101641432950104.html","7","https://www.google.com/search?q=rahul+gandhi&biw=743&bih=750&tbs=cdr:1,cd_min:9/7/2021,cd_max:1/30/2022&tbm=nws&sxsrf=APwXEdcrIc0IEbw1XaXM957cwpY8DG2vRQ:1682283655312&ei=h5xFZJvZEoudseMPkrKVyAw&start=60&sa=N&ved=2ahUKEwjbuL798sD-AhWLTmwGHRJZBckQ8tMDegQIBBAO"
"1682283671-233","https://www.google.com/search?q=rahul+gandhi&biw=743&bih=750&sxsrf=APwXEdfzWRL4Ob-eURCUKHdqEBroa1mZOg%3A1682283558453&source=lnt&tbs=cdr%3A1%2Ccd_min%3A9%2F7%2F2021%2Ccd_max%3A1%2F30%2F2022&tbm=nws","The Economic TimesView: Has Rahul Gandhi really got what he had planned?Comparitavely, this time Rahul Gandhi 24.0 is making himself searingly 
clear. ... But if Punjab politics is particle physics and Rahul its Niels 
Bohr,....02-Oct-2021","https://economictimes.indiatimes.com/opinion/et-commentary/view-rahul-gandhi-may-have-finally-played-a-masterstroke-in-punjab/articleshow/86712432.cms","7","https://www.google.com/search?q=rahul+gandhi&biw=743&bih=750&tbs=cdr:1,cd_min:9/7/2021,cd_max:1/30/2022&tbm=nws&sxsrf=APwXEdcrIc0IEbw1XaXM957cwpY8DG2vRQ:1682283655312&ei=h5xFZJvZEoudseMPkrKVyAw&start=60&sa=N&ved=2ahUKEwjbuL798sD-AhWLTmwGHRJZBckQ8tMDegQIBBAO"
"1682283671-234","https://www.google.com/search?q=rahul+gandhi&biw=743&bih=750&sxsrf=APwXEdfzWRL4Ob-eURCUKHdqEBroa1mZOg%3A1682283558453&source=lnt&tbs=cdr%3A1%2Ccd_min%3A9%2F7%2F2021%2Ccd_max%3A1%2F30%2F2022&tbm=nws","ANI NewsRahul Gandhi will visit Chhattisgarh on Feb 3 to inaugurate ...Rahul Gandhi will visit Chhattisgarh on Feb 3 to inaugurate 'Rajiv Gandhi 
Gramin Bhumiheen Krishi Mazduur Yojana': Baghel. ANI | Updated: Jan 29, 
2022 20:15 IST..29-Jan-2022","https://www.aninews.in/news/national/general-news/rahul-gandhi-will-visit-chhattisgarh-on-feb-3-to-inaugurate-rajiv-gandhi-gramin-bhumiheen-krishi-mazduur-yojana-baghel20220129201508","7","https://www.google.com/search?q=rahul+gandhi&biw=743&bih=750&tbs=cdr:1,cd_min:9/7/2021,cd_max:1/30/2022&tbm=nws&sxsrf=APwXEdcrIc0IEbw1XaXM957cwpY8DG2vRQ:1682283655312&ei=h5xFZJvZEoudseMPkrKVyAw&start=60&sa=N&ved=2ahUKEwjbuL798sD-AhWLTmwGHRJZBckQ8tMDegQIBBAO"
"1682283671-235","https://www.google.com/search?q=rahul+gandhi&biw=743&bih=750&sxsrf=APwXEdfzWRL4Ob-eURCUKHdqEBroa1mZOg%3A1682283558453&source=lnt&tbs=cdr%3A1%2Ccd_min%3A9%2F7%2F2021%2Ccd_max%3A1%2F30%2F2022&tbm=nws","Hindustan TimesRahul Gandhi to attend last rites of Oscar Fernandes in ...Congress leader Rahul Gandhi will visit Bengaluru on Thursday morning to 
attend the last rites of senior party Oscar Fernandes who passed away 
earlier this....16-Sept-2021","https://www.hindustantimes.com/cities/bengaluru-news/rahul-gandhi-to-attend-last-rites-of-oscar-fernandes-in-bengaluru-101631730539193.html","7","https://www.google.com/search?q=rahul+gandhi&biw=743&bih=750&tbs=cdr:1,cd_min:9/7/2021,cd_max:1/30/2022&tbm=nws&sxsrf=APwXEdcrIc0IEbw1XaXM957cwpY8DG2vRQ:1682283655312&ei=h5xFZJvZEoudseMPkrKVyAw&start=60&sa=N&ved=2ahUKEwjbuL798sD-AhWLTmwGHRJZBckQ8tMDegQIBBAO"
"1682283673-236","https://www.google.com/search?q=rahul+gandhi&biw=743&bih=750&sxsrf=APwXEdfzWRL4Ob-eURCUKHdqEBroa1mZOg%3A1682283558453&source=lnt&tbs=cdr%3A1%2Ccd_min%3A9%2F7%2F2021%2Ccd_max%3A1%2F30%2F2022&tbm=nws","ANI NewsRahul Gandhi pays tribute to Indira Gandhi on her 104th birth ...ANI | Updated: Nov 19, 2021 10:29 IST. New Delhi [India], November 19 
(ANI): Congress leader Rahul Gandhi on Friday paid tribute to former Prime 
Minister....19-Nov-2021","https://www.aninews.in/news/national/politics/rahul-gandhi-pays-tribute-to-indira-gandhi-on-her-104th-birth-anniversary20211119102911","6","https://www.google.com/search?q=rahul+gandhi&biw=743&bih=750&tbs=cdr:1,cd_min:9/7/2021,cd_max:1/30/2022&tbm=nws&sxsrf=APwXEdcrIc0IEbw1XaXM957cwpY8DG2vRQ:1682283655312&ei=h5xFZJvZEoudseMPkrKVyAw&start=50&sa=N&ved=2ahUKEwjbuL798sD-AhWLTmwGHRJZBckQ8tMDegQIBBAM"
"1682283673-237","https://www.google.com/search?q=rahul+gandhi&biw=743&bih=750&sxsrf=APwXEdfzWRL4Ob-eURCUKHdqEBroa1mZOg%3A1682283558453&source=lnt&tbs=cdr%3A1%2Ccd_min%3A9%2F7%2F2021%2Ccd_max%3A1%2F30%2F2022&tbm=nws","The Indian ExpressRahul placates Rawat: he is leader of Congress campaign, not CM face yetThe decision was taken at a meeting senior Congress leader Rahul Gandhi had 
with Rawat and senior Congress leaders from the state, including 
Uttarakhand....25-Dec-2021","https://indianexpress.com/article/india/rahul-gandhi-harish-rawat-meeting-congress-campaign-7688639/","6","https://www.google.com/search?q=rahul+gandhi&biw=743&bih=750&tbs=cdr:1,cd_min:9/7/2021,cd_max:1/30/2022&tbm=nws&sxsrf=APwXEdcrIc0IEbw1XaXM957cwpY8DG2vRQ:1682283655312&ei=h5xFZJvZEoudseMPkrKVyAw&start=50&sa=N&ved=2ahUKEwjbuL798sD-AhWLTmwGHRJZBckQ8tMDegQIBBAM"
"1682283673-238","https://www.google.com/search?q=rahul+gandhi&biw=743&bih=750&sxsrf=APwXEdfzWRL4Ob-eURCUKHdqEBroa1mZOg%3A1682283558453&source=lnt&tbs=cdr%3A1%2Ccd_min%3A9%2F7%2F2021%2Ccd_max%3A1%2F30%2F2022&tbm=nws","The StatesmanSonia, Rahul Gandhi arrive in ShimlaSonia, Rahul Gandhi arrive in Shimla. AICC chairperson and Lok Sabha MP 
will join Priyanka Gandhi at her newly built house in Chharabara near 
Shimla..20-Sept-2021","https://www.thestatesman.com/cities/shimla/sonia-rahul-gandhi-arrive-shimla-1503009572.html","6","https://www.google.com/search?q=rahul+gandhi&biw=743&bih=750&tbs=cdr:1,cd_min:9/7/2021,cd_max:1/30/2022&tbm=nws&sxsrf=APwXEdcrIc0IEbw1XaXM957cwpY8DG2vRQ:1682283655312&ei=h5xFZJvZEoudseMPkrKVyAw&start=50&sa=N&ved=2ahUKEwjbuL798sD-AhWLTmwGHRJZBckQ8tMDegQIBBAM"
"1682283673-239","https://www.google.com/search?q=rahul+gandhi&biw=743&bih=750&sxsrf=APwXEdfzWRL4Ob-eURCUKHdqEBroa1mZOg%3A1682283558453&source=lnt&tbs=cdr%3A1%2Ccd_min%3A9%2F7%2F2021%2Ccd_max%3A1%2F30%2F2022&tbm=nws","ABP LIVERahul Gandhi Takes Dig At PM Narendra Modi, Writes 'Mr. 56 Is Afraid Of 
China'New Delhi: Former Congress President and MP Rahul Gandhi has indirectly hit 
out at Prime Minister Narendra Modi over the Galwan valley clash between 
India....24-Sept-2021","https://news.abplive.com/news/india/rahul-gandhi-takes-dig-at-pm-narendra-modi-writes-mr-56-is-afraid-of-china-trs-1484060","6","https://www.google.com/search?q=rahul+gandhi&biw=743&bih=750&tbs=cdr:1,cd_min:9/7/2021,cd_max:1/30/2022&tbm=nws&sxsrf=APwXEdcrIc0IEbw1XaXM957cwpY8DG2vRQ:1682283655312&ei=h5xFZJvZEoudseMPkrKVyAw&start=50&sa=N&ved=2ahUKEwjbuL798sD-AhWLTmwGHRJZBckQ8tMDegQIBBAM"
"1682283673-240","https://www.google.com/search?q=rahul+gandhi&biw=743&bih=750&sxsrf=APwXEdfzWRL4Ob-eURCUKHdqEBroa1mZOg%3A1682283558453&source=lnt&tbs=cdr%3A1%2Ccd_min%3A9%2F7%2F2021%2Ccd_max%3A1%2F30%2F2022&tbm=nws","FirstpostA peep into why Rahul Gandhi chooses the wrong battles against Narendra ModiRahul Gandhi continues to enthusiastically engage Prime Minister Narendra 
Modi in the most un-winnable and pointless battles. Abhijit Majumder 
January 23,....23-Jan-2022","https://www.firstpost.com/politics/a-peep-into-why-rahul-gandhi-chooses-the-wrong-battles-against-narendra-modi-10311901.html","6","https://www.google.com/search?q=rahul+gandhi&biw=743&bih=750&tbs=cdr:1,cd_min:9/7/2021,cd_max:1/30/2022&tbm=nws&sxsrf=APwXEdcrIc0IEbw1XaXM957cwpY8DG2vRQ:1682283655312&ei=h5xFZJvZEoudseMPkrKVyAw&start=50&sa=N&ved=2ahUKEwjbuL798sD-AhWLTmwGHRJZBckQ8tMDegQIBBAM"
"1682283673-241","https://www.google.com/search?q=rahul+gandhi&biw=743&bih=750&sxsrf=APwXEdfzWRL4Ob-eURCUKHdqEBroa1mZOg%3A1682283558453&source=lnt&tbs=cdr%3A1%2Ccd_min%3A9%2F7%2F2021%2Ccd_max%3A1%2F30%2F2022&tbm=nws","India TodayDefamation case: Bombay High Court dismisses plea against Rahul Gandhi by 
RSS functionaryRahul Gandhi's lawyers had filed a written copy of the speech while seeking 
quashing of the case in Bombay High Court earlier. So this, according to 
the....20-Sept-2021","https://www.indiatoday.in/india/story/defamation-case-bombay-high-court-dismisses-plea-against-rahul-gandhi-by-rss-functionary-1854916-2021-09-20","6","https://www.google.com/search?q=rahul+gandhi&biw=743&bih=750&tbs=cdr:1,cd_min:9/7/2021,cd_max:1/30/2022&tbm=nws&sxsrf=APwXEdcrIc0IEbw1XaXM957cwpY8DG2vRQ:1682283655312&ei=h5xFZJvZEoudseMPkrKVyAw&start=50&sa=N&ved=2ahUKEwjbuL798sD-AhWLTmwGHRJZBckQ8tMDegQIBBAM"
"1682283673-242","https://www.google.com/search?q=rahul+gandhi&biw=743&bih=750&sxsrf=APwXEdfzWRL4Ob-eURCUKHdqEBroa1mZOg%3A1682283558453&source=lnt&tbs=cdr%3A1%2Ccd_min%3A9%2F7%2F2021%2Ccd_max%3A1%2F30%2F2022&tbm=nws","iChowkTwitter refuses Rahul Gandhi s allegations on Social Media Platform over 
reducing Followers Count under Modi Government Pressureकांग्रेस (Congress) के पूर्व अध्यक्ष राहुल गांधी (Rahul Gandhi) का मानना है 
कि वो देश के सबसे अहम....27-Jan-2022","https://www.ichowk.in/politics/twitter-refuses-rahul-gandhi-s-allegations-on-social-media-platform-over-reducing-followers-count-under-modi-government-pressure/story/1/22968.html","6","https://www.google.com/search?q=rahul+gandhi&biw=743&bih=750&tbs=cdr:1,cd_min:9/7/2021,cd_max:1/30/2022&tbm=nws&sxsrf=APwXEdcrIc0IEbw1XaXM957cwpY8DG2vRQ:1682283655312&ei=h5xFZJvZEoudseMPkrKVyAw&start=50&sa=N&ved=2ahUKEwjbuL798sD-AhWLTmwGHRJZBckQ8tMDegQIBBAM"
"1682283673-243","https://www.google.com/search?q=rahul+gandhi&biw=743&bih=750&sxsrf=APwXEdfzWRL4Ob-eURCUKHdqEBroa1mZOg%3A1682283558453&source=lnt&tbs=cdr%3A1%2Ccd_min%3A9%2F7%2F2021%2Ccd_max%3A1%2F30%2F2022&tbm=nws","The Wire'Chowkidar Chor Comment Part of Political Debate': Rahul Gandhi Seeks 
Quashing of DefamationNew Delhi: Congress leader Rahul Gandhi on Wednesday, November 17, moved 
the Bombay high court seeking the quashing of a defamation case filed 
against him....17-Nov-2021","https://thewire.in/law/chowkidar-chor-comment-part-of-political-debate-rahul-gandhi-seeks-quashing-of-defamation","6","https://www.google.com/search?q=rahul+gandhi&biw=743&bih=750&tbs=cdr:1,cd_min:9/7/2021,cd_max:1/30/2022&tbm=nws&sxsrf=APwXEdcrIc0IEbw1XaXM957cwpY8DG2vRQ:1682283655312&ei=h5xFZJvZEoudseMPkrKVyAw&start=50&sa=N&ved=2ahUKEwjbuL798sD-AhWLTmwGHRJZBckQ8tMDegQIBBAM"
"1682283673-244","https://www.google.com/search?q=rahul+gandhi&biw=743&bih=750&sxsrf=APwXEdfzWRL4Ob-eURCUKHdqEBroa1mZOg%3A1682283558453&source=lnt&tbs=cdr%3A1%2Ccd_min%3A9%2F7%2F2021%2Ccd_max%3A1%2F30%2F2022&tbm=nws","Hindustan TimesRahul Gandhi’s new tweet attack on PM Modi is inspired by WordleNEW DELHI: Congress leader Rahul Gandhi on Thursday chose the newest craze 
on social media, Wordle, to take a swipe at Prime Minister Narendra Modi 
and his....14-Jan-2022","https://www.hindustantimes.com/india-news/rahul-gandhi-s-new-tweet-attack-on-pm-modi-is-inspired-by-wordle-101642099861434.html","6","https://www.google.com/search?q=rahul+gandhi&biw=743&bih=750&tbs=cdr:1,cd_min:9/7/2021,cd_max:1/30/2022&tbm=nws&sxsrf=APwXEdcrIc0IEbw1XaXM957cwpY8DG2vRQ:1682283655312&ei=h5xFZJvZEoudseMPkrKVyAw&start=50&sa=N&ved=2ahUKEwjbuL798sD-AhWLTmwGHRJZBckQ8tMDegQIBBAM"
"1682283673-245","https://www.google.com/search?q=rahul+gandhi&biw=743&bih=750&sxsrf=APwXEdfzWRL4Ob-eURCUKHdqEBroa1mZOg%3A1682283558453&source=lnt&tbs=cdr%3A1%2Ccd_min%3A9%2F7%2F2021%2Ccd_max%3A1%2F30%2F2022&tbm=nws","Hindustan TimesA day after Twitter poll, Rahul Gandhi's another attack on BJPCongress leader Rahul Gandhi said on Sunday the Bharatiya Janata Party's 
(BJP) politics of ""hatred"" is very harmful for the country and is also 
responsible....16-Jan-2022","https://www.hindustantimes.com/india-news/a-day-after-twitter-poll-rahul-gandhi-s-another-attack-on-bjp-101642327273023.html","6","https://www.google.com/search?q=rahul+gandhi&biw=743&bih=750&tbs=cdr:1,cd_min:9/7/2021,cd_max:1/30/2022&tbm=nws&sxsrf=APwXEdcrIc0IEbw1XaXM957cwpY8DG2vRQ:1682283655312&ei=h5xFZJvZEoudseMPkrKVyAw&start=50&sa=N&ved=2ahUKEwjbuL798sD-AhWLTmwGHRJZBckQ8tMDegQIBBAM"
"1682283676-246","https://www.google.com/search?q=rahul+gandhi&biw=743&bih=750&sxsrf=APwXEdfzWRL4Ob-eURCUKHdqEBroa1mZOg%3A1682283558453&source=lnt&tbs=cdr%3A1%2Ccd_min%3A9%2F7%2F2021%2Ccd_max%3A1%2F30%2F2022&tbm=nws","The Indian ExpressSenior Gujarat Congress leaders to meet Rahul Gandhi today, likely to 
decide 2022 ‘poll face’Ahead of the 2022 Assembly elections, a 15-member delegation of senior 
Gujarat Congress leaders will be meeting Congress leader Rahul Gandhi in 
New Delhi on....22-Oct-2021","https://indianexpress.com/article/cities/ahmedabad/senior-gujarat-congress-leaders-to-meet-rahul-gandhi-today-likely-to-decide-2022-poll-face-7584024/","5","https://www.google.com/search?q=rahul+gandhi&biw=743&bih=750&tbs=cdr:1,cd_min:9/7/2021,cd_max:1/30/2022&tbm=nws&sxsrf=APwXEdcrIc0IEbw1XaXM957cwpY8DG2vRQ:1682283655312&ei=h5xFZJvZEoudseMPkrKVyAw&start=40&sa=N&ved=2ahUKEwjbuL798sD-AhWLTmwGHRJZBckQ8tMDegQIBBAK"
"1682283676-247","https://www.google.com/search?q=rahul+gandhi&biw=743&bih=750&sxsrf=APwXEdfzWRL4Ob-eURCUKHdqEBroa1mZOg%3A1682283558453&source=lnt&tbs=cdr%3A1%2Ccd_min%3A9%2F7%2F2021%2Ccd_max%3A1%2F30%2F2022&tbm=nws","The Indian ExpressRam Vilas Paswan’s death anniversary: Rahul Gandhi, Lalu Prasad at Chirag 
Paswan residence, Nitish attends Paras functionCongress MP Rahul Gandhi, RJD supremo Lalu Prasad and Defence Minister 
Rajnath Singh Friday visited LJP (Ram Vilas) leader Chirag Paswan's 
residence in....09-Oct-2021","https://indianexpress.com/article/india/rahul-gandhi-lalu-yadav-visit-chirag-paswan-ram-vilas-paswan-death-anniversary-7560906/","5","https://www.google.com/search?q=rahul+gandhi&biw=743&bih=750&tbs=cdr:1,cd_min:9/7/2021,cd_max:1/30/2022&tbm=nws&sxsrf=APwXEdcrIc0IEbw1XaXM957cwpY8DG2vRQ:1682283655312&ei=h5xFZJvZEoudseMPkrKVyAw&start=40&sa=N&ved=2ahUKEwjbuL798sD-AhWLTmwGHRJZBckQ8tMDegQIBBAK"
"1682283676-248","https://www.google.com/search?q=rahul+gandhi&biw=743&bih=750&sxsrf=APwXEdfzWRL4Ob-eURCUKHdqEBroa1mZOg%3A1682283558453&source=lnt&tbs=cdr%3A1%2Ccd_min%3A9%2F7%2F2021%2Ccd_max%3A1%2F30%2F2022&tbm=nws","Hindustan TimesRahul and Priyanka meet Pilot amid Raj rumblingsRajasthan Congress leader Sachin Pilot leaves from party leader Rahul 
Gandhi's residence on Friday. (ANI PHOTO.) While both sides remained 
tight-lipped about....25-Sept-2021","https://www.hindustantimes.com/india-news/rahul-gandhi-meets-sachin-pilot-to-iron-out-rajasthan-tangle-their-2nd-meeting-this-week-101632501310073.html","5","https://www.google.com/search?q=rahul+gandhi&biw=743&bih=750&tbs=cdr:1,cd_min:9/7/2021,cd_max:1/30/2022&tbm=nws&sxsrf=APwXEdcrIc0IEbw1XaXM957cwpY8DG2vRQ:1682283655312&ei=h5xFZJvZEoudseMPkrKVyAw&start=40&sa=N&ved=2ahUKEwjbuL798sD-AhWLTmwGHRJZBckQ8tMDegQIBBAK"
"1682283676-249","https://www.google.com/search?q=rahul+gandhi&biw=743&bih=750&sxsrf=APwXEdfzWRL4Ob-eURCUKHdqEBroa1mZOg%3A1682283558453&source=lnt&tbs=cdr%3A1%2Ccd_min%3A9%2F7%2F2021%2Ccd_max%3A1%2F30%2F2022&tbm=nws","The HinduRahul Gandhi appears before Surat courtFormer Congress president Rahul Gandhi on Friday appeared before a 
magistrate's court in Surat to record his statement in connection with a 
criminal....29-Oct-2021","https://www.thehindu.com/news/national/defamation-case-rahul-gandhi-appears-in-surat-court/article37230802.ece","5","https://www.google.com/search?q=rahul+gandhi&biw=743&bih=750&tbs=cdr:1,cd_min:9/7/2021,cd_max:1/30/2022&tbm=nws&sxsrf=APwXEdcrIc0IEbw1XaXM957cwpY8DG2vRQ:1682283655312&ei=h5xFZJvZEoudseMPkrKVyAw&start=40&sa=N&ved=2ahUKEwjbuL798sD-AhWLTmwGHRJZBckQ8tMDegQIBBAK"
"1682283676-250","https://www.google.com/search?q=rahul+gandhi&biw=743&bih=750&sxsrf=APwXEdfzWRL4Ob-eURCUKHdqEBroa1mZOg%3A1682283558453&source=lnt&tbs=cdr%3A1%2Ccd_min%3A9%2F7%2F2021%2Ccd_max%3A1%2F30%2F2022&tbm=nws","Hindustan TimesRahul Gandhi’s group photo signals a new Goa alliance. It also hurts the TMCSardesai didn't mention the word 'alliance' in his statement after meeting 
Rahul Gandhi. “Met Shri @RahulGandhi along with my colleagues 
@prasadgaonkr13....01-Dec-2021","https://www.hindustantimes.com/india-news/rahul-gandhi-s-group-photo-signals-a-new-goa-alliance-it-also-hurts-the-tmc-101638304654922.html","5","https://www.google.com/search?q=rahul+gandhi&biw=743&bih=750&tbs=cdr:1,cd_min:9/7/2021,cd_max:1/30/2022&tbm=nws&sxsrf=APwXEdcrIc0IEbw1XaXM957cwpY8DG2vRQ:1682283655312&ei=h5xFZJvZEoudseMPkrKVyAw&start=40&sa=N&ved=2ahUKEwjbuL798sD-AhWLTmwGHRJZBckQ8tMDegQIBBAK"
"1682283676-251","https://www.google.com/search?q=rahul+gandhi&biw=743&bih=750&sxsrf=APwXEdfzWRL4Ob-eURCUKHdqEBroa1mZOg%3A1682283558453&source=lnt&tbs=cdr%3A1%2Ccd_min%3A9%2F7%2F2021%2Ccd_max%3A1%2F30%2F2022&tbm=nws","ABP NewsRahul Gandhi Visit Golden Temple: अमृतसर के Golden Temple पहुंचे Rahul 
Gandhi, जमीन पर बैठकर खाया लंगर, देखें तस्वीरेंRahul Gandhi Visit Golden Temple: अमृतसर के Golden Temple पहुंचे Rahul 
Gandhi, जमीन पर बैठकर खाया लंगर, देखें....27-Jan-2022","https://www.abplive.com/photo-gallery/states/punjab-punjab-election-2022-rahul-gandhi-visits-golden-temple-in-amritsar-2048336","5","https://www.google.com/search?q=rahul+gandhi&biw=743&bih=750&tbs=cdr:1,cd_min:9/7/2021,cd_max:1/30/2022&tbm=nws&sxsrf=APwXEdcrIc0IEbw1XaXM957cwpY8DG2vRQ:1682283655312&ei=h5xFZJvZEoudseMPkrKVyAw&start=40&sa=N&ved=2ahUKEwjbuL798sD-AhWLTmwGHRJZBckQ8tMDegQIBBAK"
"1682283676-252","https://www.google.com/search?q=rahul+gandhi&biw=743&bih=750&sxsrf=APwXEdfzWRL4Ob-eURCUKHdqEBroa1mZOg%3A1682283558453&source=lnt&tbs=cdr%3A1%2Ccd_min%3A9%2F7%2F2021%2Ccd_max%3A1%2F30%2F2022&tbm=nws","Business TodayMuch to learn from him': Rahul Gandhi lauds ex-PM Manmohan on birthdaySenior Congress leaders greeted former prime minister Manmohan Singh on his 
birthday on Sunday, with former party chief Rahul Gandhi saying he has a 
great....26-Sept-2021","https://www.businesstoday.in/latest/politics/story/much-to-learn-from-him-rahul-gandhi-lauds-ex-pm-manmohan-on-birthday-307677-2021-09-26","5","https://www.google.com/search?q=rahul+gandhi&biw=743&bih=750&tbs=cdr:1,cd_min:9/7/2021,cd_max:1/30/2022&tbm=nws&sxsrf=APwXEdcrIc0IEbw1XaXM957cwpY8DG2vRQ:1682283655312&ei=h5xFZJvZEoudseMPkrKVyAw&start=40&sa=N&ved=2ahUKEwjbuL798sD-AhWLTmwGHRJZBckQ8tMDegQIBBAK"
"1682283676-253","https://www.google.com/search?q=rahul+gandhi&biw=743&bih=750&sxsrf=APwXEdfzWRL4Ob-eURCUKHdqEBroa1mZOg%3A1682283558453&source=lnt&tbs=cdr%3A1%2Ccd_min%3A9%2F7%2F2021%2Ccd_max%3A1%2F30%2F2022&tbm=nws","Hindustan TimesThose who bow to PM’s wrong decisions follow Hindutva: Rahul Gandhi at Cong 
meetJAIPUR: People who bow before the “wrong decisions” of Prime Minister 
Narendra Modi are the ones who follow Hindutva ideology, Congress leader 
Rahul Gandhi said....29-Dec-2021","https://www.hindustantimes.com/india-news/those-who-bow-to-pm-s-wrong-decisions-follow-hindutva-rahul-gandhi-at-cong-meet-101640722082098.html","5","https://www.google.com/search?q=rahul+gandhi&biw=743&bih=750&tbs=cdr:1,cd_min:9/7/2021,cd_max:1/30/2022&tbm=nws&sxsrf=APwXEdcrIc0IEbw1XaXM957cwpY8DG2vRQ:1682283655312&ei=h5xFZJvZEoudseMPkrKVyAw&start=40&sa=N&ved=2ahUKEwjbuL798sD-AhWLTmwGHRJZBckQ8tMDegQIBBAK"
"1682283676-254","https://www.google.com/search?q=rahul+gandhi&biw=743&bih=750&sxsrf=APwXEdfzWRL4Ob-eURCUKHdqEBroa1mZOg%3A1682283558453&source=lnt&tbs=cdr%3A1%2Ccd_min%3A9%2F7%2F2021%2Ccd_max%3A1%2F30%2F2022&tbm=nws","ANI NewsAs farmer's agitation continues, Rahul Gandhi says people not ...... laws are repealed, Congress leader Rahul Gandhi on Sunday said people 
are not ready to trust the words of the Prime Minister due to ""false 
rhetorics""..21-Nov-2021","https://www.aninews.in/news/national/politics/as-farmers-agitation-continues-rahul-gandhi-says-people-not-ready-to-trust-pms-words-due-to-false-rhetoric20211121184354","5","https://www.google.com/search?q=rahul+gandhi&biw=743&bih=750&tbs=cdr:1,cd_min:9/7/2021,cd_max:1/30/2022&tbm=nws&sxsrf=APwXEdcrIc0IEbw1XaXM957cwpY8DG2vRQ:1682283655312&ei=h5xFZJvZEoudseMPkrKVyAw&start=40&sa=N&ved=2ahUKEwjbuL798sD-AhWLTmwGHRJZBckQ8tMDegQIBBAK"
"1682283676-255","https://www.google.com/search?q=rahul+gandhi&biw=743&bih=750&sxsrf=APwXEdfzWRL4Ob-eURCUKHdqEBroa1mZOg%3A1682283558453&source=lnt&tbs=cdr%3A1%2Ccd_min%3A9%2F7%2F2021%2Ccd_max%3A1%2F30%2F2022&tbm=nws","Telegraph IndiaSonia Gandhi and Rahul Gandhi to address Congress rally against price rise, 
inflation on Dec 12Sonia Gandhi and Rahul Gandhi to address Congress rally against price rise, 
inflation on Dec 12. The party has been protesting on the issues and have 
called for....26-Nov-2021","https://www.telegraphindia.com/india/sonia-gandhi-and-rahul-gandhi-to-address-congress-rally-against-price-rise-inflation-on-december-12/cid/1840718","5","https://www.google.com/search?q=rahul+gandhi&biw=743&bih=750&tbs=cdr:1,cd_min:9/7/2021,cd_max:1/30/2022&tbm=nws&sxsrf=APwXEdcrIc0IEbw1XaXM957cwpY8DG2vRQ:1682283655312&ei=h5xFZJvZEoudseMPkrKVyAw&start=40&sa=N&ved=2ahUKEwjbuL798sD-AhWLTmwGHRJZBckQ8tMDegQIBBAK"
"1682283679-256","https://www.google.com/search?q=rahul+gandhi&biw=743&bih=750&sxsrf=APwXEdfzWRL4Ob-eURCUKHdqEBroa1mZOg%3A1682283558453&source=lnt&tbs=cdr%3A1%2Ccd_min%3A9%2F7%2F2021%2Ccd_max%3A1%2F30%2F2022&tbm=nws","The Indian ExpressPunjab elections: Moga rally put off as Rahul goes abroad, disquiet in 
state CongressDAYS AFTER Congress announced that Rahul Gandhi will kick off the party's 
campaign for the forthcoming elections in Punjab by addressing a rally in 
Moga on....31-Dec-2021","https://indianexpress.com/article/india/moga-rally-put-off-as-rahul-goes-abroad-disquiet-in-state-congress-7698832/","4","https://www.google.com/search?q=rahul+gandhi&biw=743&bih=750&tbs=cdr:1,cd_min:9/7/2021,cd_max:1/30/2022&tbm=nws&sxsrf=APwXEdcrIc0IEbw1XaXM957cwpY8DG2vRQ:1682283655312&ei=h5xFZJvZEoudseMPkrKVyAw&start=30&sa=N&ved=2ahUKEwjbuL798sD-AhWLTmwGHRJZBckQ8tMDegQIBBAI"
"1682283679-257","https://www.google.com/search?q=rahul+gandhi&biw=743&bih=750&sxsrf=APwXEdfzWRL4Ob-eURCUKHdqEBroa1mZOg%3A1682283558453&source=lnt&tbs=cdr%3A1%2Ccd_min%3A9%2F7%2F2021%2Ccd_max%3A1%2F30%2F2022&tbm=nws","India TodayGood that Rahul Gandhi spoke about Hindu rule: Shiv SenaIn an editorial in its mouthpiece 'Saamana', the Shiv Sena spoke about 
Rahul Gandhi's recent speech in Jaipur, in which he said that this country 
“belongs to....14-Dec-2021","https://www.indiatoday.in/india/story/rahul-gandhi-hindu-rule-shiv-sena-saamana-gandhi-godse-hindutva-1887635-2021-12-14","4","https://www.google.com/search?q=rahul+gandhi&biw=743&bih=750&tbs=cdr:1,cd_min:9/7/2021,cd_max:1/30/2022&tbm=nws&sxsrf=APwXEdcrIc0IEbw1XaXM957cwpY8DG2vRQ:1682283655312&ei=h5xFZJvZEoudseMPkrKVyAw&start=30&sa=N&ved=2ahUKEwjbuL798sD-AhWLTmwGHRJZBckQ8tMDegQIBBAI"
"1682283679-258","https://www.google.com/search?q=rahul+gandhi&biw=743&bih=750&sxsrf=APwXEdfzWRL4Ob-eURCUKHdqEBroa1mZOg%3A1682283558453&source=lnt&tbs=cdr%3A1%2Ccd_min%3A9%2F7%2F2021%2Ccd_max%3A1%2F30%2F2022&tbm=nws","The Indian ExpressSonia Gandhi, Rahul Gandhi speak with Mayawati following her mother’s deathCongress president Sonia Gandhi and former party chief Rahul Gandhi called 
up Bahujan Samaj Party (BSP) supremo Mayawati on Sunday expressing their....14-Nov-2021","https://indianexpress.com/article/india/sonia-gandhi-rahul-gandhi-mayawati-mother-death-7622381/","4","https://www.google.com/search?q=rahul+gandhi&biw=743&bih=750&tbs=cdr:1,cd_min:9/7/2021,cd_max:1/30/2022&tbm=nws&sxsrf=APwXEdcrIc0IEbw1XaXM957cwpY8DG2vRQ:1682283655312&ei=h5xFZJvZEoudseMPkrKVyAw&start=30&sa=N&ved=2ahUKEwjbuL798sD-AhWLTmwGHRJZBckQ8tMDegQIBBAI"
"1682283679-259","https://www.google.com/search?q=rahul+gandhi&biw=743&bih=750&sxsrf=APwXEdfzWRL4Ob-eURCUKHdqEBroa1mZOg%3A1682283558453&source=lnt&tbs=cdr%3A1%2Ccd_min%3A9%2F7%2F2021%2Ccd_max%3A1%2F30%2F2022&tbm=nws","ANI NewsRahul Gandhi flags off Shobha Yatra on Valmiki JayantiANI | Updated: Oct 20, 2021 13:53 IST. New Delhi [India], October 20 (ANI): 
Congress leader Rahul Gandhi on Wednesday flagged off Shobha Yatra,....20-Oct-2021","https://www.aninews.in/news/national/general-news/rahul-gandhi-flags-off-shobha-yatra-on-valmiki-jayanti20211020135330","4","https://www.google.com/search?q=rahul+gandhi&biw=743&bih=750&tbs=cdr:1,cd_min:9/7/2021,cd_max:1/30/2022&tbm=nws&sxsrf=APwXEdcrIc0IEbw1XaXM957cwpY8DG2vRQ:1682283655312&ei=h5xFZJvZEoudseMPkrKVyAw&start=30&sa=N&ved=2ahUKEwjbuL798sD-AhWLTmwGHRJZBckQ8tMDegQIBBAI"
"1682283679-260","https://www.google.com/search?q=rahul+gandhi&biw=743&bih=750&sxsrf=APwXEdfzWRL4Ob-eURCUKHdqEBroa1mZOg%3A1682283558453&source=lnt&tbs=cdr%3A1%2Ccd_min%3A9%2F7%2F2021%2Ccd_max%3A1%2F30%2F2022&tbm=nws","The Indian ExpressRahul Gandhi hits out at govt over poverty issueFormer Congress president Rahul Gandhi on Sunday hit out at the government 
on the issue of poverty and alleged that those who were in the middle-class 
in....07-Nov-2021","https://indianexpress.com/article/india/rahul-gandhi-india-modi-poverty-issue-7611833/","4","https://www.google.com/search?q=rahul+gandhi&biw=743&bih=750&tbs=cdr:1,cd_min:9/7/2021,cd_max:1/30/2022&tbm=nws&sxsrf=APwXEdcrIc0IEbw1XaXM957cwpY8DG2vRQ:1682283655312&ei=h5xFZJvZEoudseMPkrKVyAw&start=30&sa=N&ved=2ahUKEwjbuL798sD-AhWLTmwGHRJZBckQ8tMDegQIBBAI"
"1682283679-261","https://www.google.com/search?q=rahul+gandhi&biw=743&bih=750&sxsrf=APwXEdfzWRL4Ob-eURCUKHdqEBroa1mZOg%3A1682283558453&source=lnt&tbs=cdr%3A1%2Ccd_min%3A9%2F7%2F2021%2Ccd_max%3A1%2F30%2F2022&tbm=nws","The HinduMedia was critical of UPA during 26/11 Mumbai attack, not the same with 
Modi govt: Rahul GandhiCongress leader Rahul Gandhi on September 11 said the media had been 
critical of former Prime Minister Manmohan Singh during the 26/11 Mumbai 
terror attacks....12-Sept-2021","https://www.thehindu.com/news/national/media-was-critical-of-upa-during-2611-mumbai-attack-not-the-same-with-modi-govt-rahul-gandhi/article36409833.ece","4","https://www.google.com/search?q=rahul+gandhi&biw=743&bih=750&tbs=cdr:1,cd_min:9/7/2021,cd_max:1/30/2022&tbm=nws&sxsrf=APwXEdcrIc0IEbw1XaXM957cwpY8DG2vRQ:1682283655312&ei=h5xFZJvZEoudseMPkrKVyAw&start=30&sa=N&ved=2ahUKEwjbuL798sD-AhWLTmwGHRJZBckQ8tMDegQIBBAI"
"1682283679-262","https://www.google.com/search?q=rahul+gandhi&biw=743&bih=750&sxsrf=APwXEdfzWRL4Ob-eURCUKHdqEBroa1mZOg%3A1682283558453&source=lnt&tbs=cdr%3A1%2Ccd_min%3A9%2F7%2F2021%2Ccd_max%3A1%2F30%2F2022&tbm=nws","Mid-DayRahul Gandhi, Uddhav Thackeray meeting in the offingCongress leader Rahul Gandhi is expected to further strengthen ties with 
the Shiv Sena, which has vehemently opposed West Bengal Chief Minister 
Mamata....10-Dec-2021","https://www.mid-day.com/mumbai/mumbai-news/article/rahul-gandhi-uddhav-thackeray-meeting-in-the-offing-23204475","4","https://www.google.com/search?q=rahul+gandhi&biw=743&bih=750&tbs=cdr:1,cd_min:9/7/2021,cd_max:1/30/2022&tbm=nws&sxsrf=APwXEdcrIc0IEbw1XaXM957cwpY8DG2vRQ:1682283655312&ei=h5xFZJvZEoudseMPkrKVyAw&start=30&sa=N&ved=2ahUKEwjbuL798sD-AhWLTmwGHRJZBckQ8tMDegQIBBAI"
"1682283679-263","https://www.google.com/search?q=rahul+gandhi&biw=743&bih=750&sxsrf=APwXEdfzWRL4Ob-eURCUKHdqEBroa1mZOg%3A1682283558453&source=lnt&tbs=cdr%3A1%2Ccd_min%3A9%2F7%2F2021%2Ccd_max%3A1%2F30%2F2022&tbm=nws","The Indian Express‘Pseudo expert’: Education Minister slams Rahul Gandhi over NEET 
postponement demandUnion Education Minister Dharmendra Pradhan on Wednesday hit back at Rahul 
Gandhi for demanding the postponement of medical entrance exam NEET,....08-Sept-2021","https://indianexpress.com/article/india/pseudo-expert-education-minister-slams-rahul-gandhi-neet-postponement-demand-7497224/","4","https://www.google.com/search?q=rahul+gandhi&biw=743&bih=750&tbs=cdr:1,cd_min:9/7/2021,cd_max:1/30/2022&tbm=nws&sxsrf=APwXEdcrIc0IEbw1XaXM957cwpY8DG2vRQ:1682283655312&ei=h5xFZJvZEoudseMPkrKVyAw&start=30&sa=N&ved=2ahUKEwjbuL798sD-AhWLTmwGHRJZBckQ8tMDegQIBBAI"
"1682283679-264","https://www.google.com/search?q=rahul+gandhi&biw=743&bih=750&sxsrf=APwXEdfzWRL4Ob-eURCUKHdqEBroa1mZOg%3A1682283558453&source=lnt&tbs=cdr%3A1%2Ccd_min%3A9%2F7%2F2021%2Ccd_max%3A1%2F30%2F2022&tbm=nws","The Indian ExpressRahul Gandhi failed to emerge as alternative to PM Modi, Mamata should lead 
Opposition, says Trinamool paperThe article stated, “Rahul Gandhi got the opportunity on many occasions but 
failed. The alternative coalition will be made with the Congress, but in 
the....18-Sept-2021","https://indianexpress.com/article/cities/kolkata/rahul-gandhi-has-failed-mamata-banerjee-should-lead-opp-tmc-paper-7516685/","4","https://www.google.com/search?q=rahul+gandhi&biw=743&bih=750&tbs=cdr:1,cd_min:9/7/2021,cd_max:1/30/2022&tbm=nws&sxsrf=APwXEdcrIc0IEbw1XaXM957cwpY8DG2vRQ:1682283655312&ei=h5xFZJvZEoudseMPkrKVyAw&start=30&sa=N&ved=2ahUKEwjbuL798sD-AhWLTmwGHRJZBckQ8tMDegQIBBAI"
"1682283679-265","https://www.google.com/search?q=rahul+gandhi&biw=743&bih=750&sxsrf=APwXEdfzWRL4Ob-eURCUKHdqEBroa1mZOg%3A1682283558453&source=lnt&tbs=cdr%3A1%2Ccd_min%3A9%2F7%2F2021%2Ccd_max%3A1%2F30%2F2022&tbm=nws","Hindustan TimesRahul Gandhi on 2-day visit to Kerala amid reports of infighting in state 
Congress unitIt is yet to be seen if Rahul Gandhi's two-day visit to Kerala will quell 
the dissent within the party unit, but those in the know say the former 
Congress....29-Sept-2021","https://www.hindustantimes.com/india-news/rahul-gandhi-on-2-day-visit-to-kerala-amid-reports-of-infighting-in-state-congress-unit-101632887646365.html","4","https://www.google.com/search?q=rahul+gandhi&biw=743&bih=750&tbs=cdr:1,cd_min:9/7/2021,cd_max:1/30/2022&tbm=nws&sxsrf=APwXEdcrIc0IEbw1XaXM957cwpY8DG2vRQ:1682283655312&ei=h5xFZJvZEoudseMPkrKVyAw&start=30&sa=N&ved=2ahUKEwjbuL798sD-AhWLTmwGHRJZBckQ8tMDegQIBBAI"
"1682283682-266","https://www.google.com/search?q=rahul+gandhi&biw=743&bih=750&sxsrf=APwXEdfzWRL4Ob-eURCUKHdqEBroa1mZOg%3A1682283558453&source=lnt&tbs=cdr%3A1%2Ccd_min%3A9%2F7%2F2021%2Ccd_max%3A1%2F30%2F2022&tbm=nws","The Economic TimesParty workers want Rahul Gandhi to be Congress president: D K ShivakumarEarlier, former Karnataka Chief Minister and senior Congress leader 
Siddaramaiah also extended his support to party leader Rahul Gandhi while 
echoing his long....12-Oct-2021","https://economictimes.indiatimes.com/news/politics-and-nation/party-workers-want-rahul-gandhi-to-be-congress-president-d-k-shivakumar/articleshow/86965391.cms","3","https://www.google.com/search?q=rahul+gandhi&biw=743&bih=750&tbs=cdr:1,cd_min:9/7/2021,cd_max:1/30/2022&tbm=nws&sxsrf=APwXEdcrIc0IEbw1XaXM957cwpY8DG2vRQ:1682283655312&ei=h5xFZJvZEoudseMPkrKVyAw&start=20&sa=N&ved=2ahUKEwjbuL798sD-AhWLTmwGHRJZBckQ8tMDegQIBBAG"
"1682283682-267","https://www.google.com/search?q=rahul+gandhi&biw=743&bih=750&sxsrf=APwXEdfzWRL4Ob-eURCUKHdqEBroa1mZOg%3A1682283558453&source=lnt&tbs=cdr%3A1%2Ccd_min%3A9%2F7%2F2021%2Ccd_max%3A1%2F30%2F2022&tbm=nws","The Indian ExpressIn Lok Sabha, Rahul Gandhi gives ‘list of dead farmer protesters’, seeks aidSENIOR Congress leader Rahul Gandhi Tuesday presented in the Lok Sabha a 
list that he said contained names of farmers who had died during the 
year-long....08-Dec-2021","https://indianexpress.com/article/india/rahul-gandhi-farmers-protest-death-compensation-7660496/","3","https://www.google.com/search?q=rahul+gandhi&biw=743&bih=750&tbs=cdr:1,cd_min:9/7/2021,cd_max:1/30/2022&tbm=nws&sxsrf=APwXEdcrIc0IEbw1XaXM957cwpY8DG2vRQ:1682283655312&ei=h5xFZJvZEoudseMPkrKVyAw&start=20&sa=N&ved=2ahUKEwjbuL798sD-AhWLTmwGHRJZBckQ8tMDegQIBBAG"
"1682283682-268","https://www.google.com/search?q=rahul+gandhi&biw=743&bih=750&sxsrf=APwXEdfzWRL4Ob-eURCUKHdqEBroa1mZOg%3A1682283558453&source=lnt&tbs=cdr%3A1%2Ccd_min%3A9%2F7%2F2021%2Ccd_max%3A1%2F30%2F2022&tbm=nws","The StatesmanRahul Gandhi lashes out at media, says ‘stop government dalali’Congress leader Rahul Gandhi on Tuesday again lashed out at the media when 
asked about his latest tweet on lynching and told the journalist to stop 
working....21-Dec-2021","https://www.thestatesman.com/india/rahul-gandhi-lashes-media-says-stop-government-dalali-1503032198.html","3","https://www.google.com/search?q=rahul+gandhi&biw=743&bih=750&tbs=cdr:1,cd_min:9/7/2021,cd_max:1/30/2022&tbm=nws&sxsrf=APwXEdcrIc0IEbw1XaXM957cwpY8DG2vRQ:1682283655312&ei=h5xFZJvZEoudseMPkrKVyAw&start=20&sa=N&ved=2ahUKEwjbuL798sD-AhWLTmwGHRJZBckQ8tMDegQIBBAG"
"1682283682-269","https://www.google.com/search?q=rahul+gandhi&biw=743&bih=750&sxsrf=APwXEdfzWRL4Ob-eURCUKHdqEBroa1mZOg%3A1682283558453&source=lnt&tbs=cdr%3A1%2Ccd_min%3A9%2F7%2F2021%2Ccd_max%3A1%2F30%2F2022&tbm=nws","The Indian Express‘Sack MoS Ajay Mishra’: Rahul Gandhi gives adjournment notice in Lok Sabha 
over SIT report on Lakhimpur violenceCongress leader Rahul Gandhi on Wednesday gave an adjournment of business 
notice in the Lok Sabha to discuss a report submitted by the Special 
Investigation....15-Dec-2021","https://indianexpress.com/article/india/rahul-gandhi-adjournment-notice-lok-sabha-sit-report-lakhimpur-violence-7673823/","3","https://www.google.com/search?q=rahul+gandhi&biw=743&bih=750&tbs=cdr:1,cd_min:9/7/2021,cd_max:1/30/2022&tbm=nws&sxsrf=APwXEdcrIc0IEbw1XaXM957cwpY8DG2vRQ:1682283655312&ei=h5xFZJvZEoudseMPkrKVyAw&start=20&sa=N&ved=2ahUKEwjbuL798sD-AhWLTmwGHRJZBckQ8tMDegQIBBAG"
"1682283682-270","https://www.google.com/search?q=rahul+gandhi&biw=743&bih=750&sxsrf=APwXEdfzWRL4Ob-eURCUKHdqEBroa1mZOg%3A1682283558453&source=lnt&tbs=cdr%3A1%2Ccd_min%3A9%2F7%2F2021%2Ccd_max%3A1%2F30%2F2022&tbm=nws","Hindustan TimesRahul Gandhi to address rally in Dehradun today as part of 50th anniversary 
of 1971 war; will felicitate ex-servicemenCongress leader Rahul Gandhi will on Thursday address a rally in ... 
Gandhi's rally comes days after Prime Minister Narendra Modi's election 
event in....16-Dec-2021","https://www.hindustantimes.com/cities/dehradun-news/rahul-gandhi-to-address-rally-in-dehradun-today-will-felicitate-exservicemen-101639612736706.html","3","https://www.google.com/search?q=rahul+gandhi&biw=743&bih=750&tbs=cdr:1,cd_min:9/7/2021,cd_max:1/30/2022&tbm=nws&sxsrf=APwXEdcrIc0IEbw1XaXM957cwpY8DG2vRQ:1682283655312&ei=h5xFZJvZEoudseMPkrKVyAw&start=20&sa=N&ved=2ahUKEwjbuL798sD-AhWLTmwGHRJZBckQ8tMDegQIBBAG"
"1682283682-271","https://www.google.com/search?q=rahul+gandhi&biw=743&bih=750&sxsrf=APwXEdfzWRL4Ob-eURCUKHdqEBroa1mZOg%3A1682283558453&source=lnt&tbs=cdr%3A1%2Ccd_min%3A9%2F7%2F2021%2Ccd_max%3A1%2F30%2F2022&tbm=nws","India TodayFact Check: This picture of Rahul Gandhi with Captain and Channi is over 
five years oldAn image of Rahul Gandhi with newly appointed Punjab CM Charanjit Singh 
Channi, former CM Amarinder Singh and RS MP Ambika Soni is circulating on 
social....21-Sept-2021","https://www.indiatoday.in/fact-check/story/rahul-gandhi-captain-amarinder-singh-charanjit-singh-channi-congress-1855463-2021-09-21","3","https://www.google.com/search?q=rahul+gandhi&biw=743&bih=750&tbs=cdr:1,cd_min:9/7/2021,cd_max:1/30/2022&tbm=nws&sxsrf=APwXEdcrIc0IEbw1XaXM957cwpY8DG2vRQ:1682283655312&ei=h5xFZJvZEoudseMPkrKVyAw&start=20&sa=N&ved=2ahUKEwjbuL798sD-AhWLTmwGHRJZBckQ8tMDegQIBBAG"
"1682283682-272","https://www.google.com/search?q=rahul+gandhi&biw=743&bih=750&sxsrf=APwXEdfzWRL4Ob-eURCUKHdqEBroa1mZOg%3A1682283558453&source=lnt&tbs=cdr%3A1%2Ccd_min%3A9%2F7%2F2021%2Ccd_max%3A1%2F30%2F2022&tbm=nws","ABP LIVEKanhaiya Kumar, Jignesh Mewani Join Congress In Presence Of Rahul Gandhi In 
New DelhiBoth Kanhaiya and Mewani had met Rahul Gandhi in the past and Congress 
wanted to rope in these two leaders ahead of assembly polls and 
particularly Mevani....28-Sept-2021","https://news.abplive.com/news/india/kanhaiya-kumar-jignesh-mewani-join-congress-in-presence-of-rahul-gandhi-1484798","3","https://www.google.com/search?q=rahul+gandhi&biw=743&bih=750&tbs=cdr:1,cd_min:9/7/2021,cd_max:1/30/2022&tbm=nws&sxsrf=APwXEdcrIc0IEbw1XaXM957cwpY8DG2vRQ:1682283655312&ei=h5xFZJvZEoudseMPkrKVyAw&start=20&sa=N&ved=2ahUKEwjbuL798sD-AhWLTmwGHRJZBckQ8tMDegQIBBAG"
"1682283682-273","https://www.google.com/search?q=rahul+gandhi&biw=743&bih=750&sxsrf=APwXEdfzWRL4Ob-eURCUKHdqEBroa1mZOg%3A1682283558453&source=lnt&tbs=cdr%3A1%2Ccd_min%3A9%2F7%2F2021%2Ccd_max%3A1%2F30%2F2022&tbm=nws","India TodayRahul Gandhi meets Mukul Sangma, Vincent Pala to end 'rift' in Meghalaya 
Congress""Rahul Gandhi met Meghalaya Congress president Vincent Pala and CLP leader 
Mukul Sangma, along with Meghalaya in-charge Manish Chatrath and AICC 
General....04-Oct-2021","https://www.indiatoday.in/india/story/rahul-gandhi-mukul-sangma-vincent-pala-rift-meghalaya-congress-1860365-2021-10-04","3","https://www.google.com/search?q=rahul+gandhi&biw=743&bih=750&tbs=cdr:1,cd_min:9/7/2021,cd_max:1/30/2022&tbm=nws&sxsrf=APwXEdcrIc0IEbw1XaXM957cwpY8DG2vRQ:1682283655312&ei=h5xFZJvZEoudseMPkrKVyAw&start=20&sa=N&ved=2ahUKEwjbuL798sD-AhWLTmwGHRJZBckQ8tMDegQIBBAG"
"1682283682-274","https://www.google.com/search?q=rahul+gandhi&biw=743&bih=750&sxsrf=APwXEdfzWRL4Ob-eURCUKHdqEBroa1mZOg%3A1682283558453&source=lnt&tbs=cdr%3A1%2Ccd_min%3A9%2F7%2F2021%2Ccd_max%3A1%2F30%2F2022&tbm=nws","Deccan HeraldIndia wants to know if Rahul Gandhi has been vaccinated against Covid: 
Tejasvi Surya in LSBJP MP Tejasvi Surya on Thursday accused the Congress of creating hesitancy 
against made in India COVID-19 vaccines and sought to know whether Rahul 
Gandhi....03-Dec-2021","https://www.deccanherald.com/national/national-politics/india-wants-to-know-if-rahul-gandhi-has-been-vaccinated-against-covid-tejasvi-surya-in-ls-1057071.html","3","https://www.google.com/search?q=rahul+gandhi&biw=743&bih=750&tbs=cdr:1,cd_min:9/7/2021,cd_max:1/30/2022&tbm=nws&sxsrf=APwXEdcrIc0IEbw1XaXM957cwpY8DG2vRQ:1682283655312&ei=h5xFZJvZEoudseMPkrKVyAw&start=20&sa=N&ved=2ahUKEwjbuL798sD-AhWLTmwGHRJZBckQ8tMDegQIBBAG"
"1682283682-275","https://www.google.com/search?q=rahul+gandhi&biw=743&bih=750&sxsrf=APwXEdfzWRL4Ob-eURCUKHdqEBroa1mZOg%3A1682283558453&source=lnt&tbs=cdr%3A1%2Ccd_min%3A9%2F7%2F2021%2Ccd_max%3A1%2F30%2F2022&tbm=nws","The Indian ExpressYediyurappa asks BJP state chief to refrain from making disparaging 
comments against Rahul GandhiKarnataka BJP president Nalin Kumar Kateel Tuesday had said Rahul Gandhi is 
a “drug addict and a drug peddler”. While speaking at an event in Hubballi, 
Kateel....20-Oct-2021","https://indianexpress.com/article/cities/bangalore/yediyurappa-bjp-state-chief-refrain-from-making-disparaging-comments-rahul-gandhi-7582125/","3","https://www.google.com/search?q=rahul+gandhi&biw=743&bih=750&tbs=cdr:1,cd_min:9/7/2021,cd_max:1/30/2022&tbm=nws&sxsrf=APwXEdcrIc0IEbw1XaXM957cwpY8DG2vRQ:1682283655312&ei=h5xFZJvZEoudseMPkrKVyAw&start=20&sa=N&ved=2ahUKEwjbuL798sD-AhWLTmwGHRJZBckQ8tMDegQIBBAG"
"1682283685-276","https://www.google.com/search?q=rahul+gandhi&biw=743&bih=750&sxsrf=APwXEdfzWRL4Ob-eURCUKHdqEBroa1mZOg%3A1682283558453&source=lnt&tbs=cdr%3A1%2Ccd_min%3A9%2F7%2F2021%2Ccd_max%3A1%2F30%2F2022&tbm=nws","The Indian ExpressRahul Gandhi: Hours before her death, grandma told me not to cry if 
something happened to herRecounting Indira Gandhi's assassination and funeral, Congress leader Rahul 
Gandhi has said just hours before her death she told him not to cry if 
something....31-Oct-2021","https://indianexpress.com/article/india/rahul-gandhi-indira-gandhi-death-grandma-7600524/","2","https://www.google.com/search?q=rahul+gandhi&biw=743&bih=750&tbs=cdr:1,cd_min:9/7/2021,cd_max:1/30/2022&tbm=nws&sxsrf=APwXEdcrIc0IEbw1XaXM957cwpY8DG2vRQ:1682283655312&ei=h5xFZJvZEoudseMPkrKVyAw&start=10&sa=N&ved=2ahUKEwjbuL798sD-AhWLTmwGHRJZBckQ8tMDegQIBBAE"
"1682283685-277","https://www.google.com/search?q=rahul+gandhi&biw=743&bih=750&sxsrf=APwXEdfzWRL4Ob-eURCUKHdqEBroa1mZOg%3A1682283558453&source=lnt&tbs=cdr%3A1%2Ccd_min%3A9%2F7%2F2021%2Ccd_max%3A1%2F30%2F2022&tbm=nws","Telegraph IndiaRahul relates farmers' protest to Satyagrah on Gandhi JayantiCongress president Sonia Gandhi and former party chief Rahul Gandhi on 
Saturday paid tributes to Father of the Nation Mahatma Gandhi on his 152nd 
birth....02-Oct-2021","https://www.telegraphindia.com/india/rahul-relates-farmers-protest-to-satyagrah-on-gandhi-jayanti/cid/1833119","2","https://www.google.com/search?q=rahul+gandhi&biw=743&bih=750&tbs=cdr:1,cd_min:9/7/2021,cd_max:1/30/2022&tbm=nws&sxsrf=APwXEdcrIc0IEbw1XaXM957cwpY8DG2vRQ:1682283655312&ei=h5xFZJvZEoudseMPkrKVyAw&start=10&sa=N&ved=2ahUKEwjbuL798sD-AhWLTmwGHRJZBckQ8tMDegQIBBAE"
"1682283685-278","https://www.google.com/search?q=rahul+gandhi&biw=743&bih=750&sxsrf=APwXEdfzWRL4Ob-eURCUKHdqEBroa1mZOg%3A1682283558453&source=lnt&tbs=cdr%3A1%2Ccd_min%3A9%2F7%2F2021%2Ccd_max%3A1%2F30%2F2022&tbm=nws","India TodayRPN Singh, another 'Rahul Gandhi man', quits Congress to ...He was considered a member of 'Team Rahul Gandhi' in the Congress. By India 
Today Web Desk: Kunwar Ratanjit Pratap Narain Singh, a member of the royal 
family of....25-Jan-2022","https://www.indiatoday.in/elections/uttar-pradesh-assembly-polls-2022/story/padrauna-kunwar-rpn-singh-rahul-gandhi-man-quits-congress-bjp-up-polls-1904190-2022-01-25","2","https://www.google.com/search?q=rahul+gandhi&biw=743&bih=750&tbs=cdr:1,cd_min:9/7/2021,cd_max:1/30/2022&tbm=nws&sxsrf=APwXEdcrIc0IEbw1XaXM957cwpY8DG2vRQ:1682283655312&ei=h5xFZJvZEoudseMPkrKVyAw&start=10&sa=N&ved=2ahUKEwjbuL798sD-AhWLTmwGHRJZBckQ8tMDegQIBBAE"
"1682283685-279","https://www.google.com/search?q=rahul+gandhi&biw=743&bih=750&sxsrf=APwXEdfzWRL4Ob-eURCUKHdqEBroa1mZOg%3A1682283558453&source=lnt&tbs=cdr%3A1%2Ccd_min%3A9%2F7%2F2021%2Ccd_max%3A1%2F30%2F2022&tbm=nws","Hindustan TimesBJP, RSS breaking J&K’s composite culture: Rahul GandhiCongress leader Rahul Gandhi on Friday accused the Bharatiya Janata Party 
(BJP) and its ideological fount, the Rashtriya Swayamsevak Sangh (RSS),....11-Sept-2021","https://www.hindustantimes.com/india-news/bjp-rss-attacking-j-k-s-composite-culture-rahul-gandhi-101631273639025.html","2","https://www.google.com/search?q=rahul+gandhi&biw=743&bih=750&tbs=cdr:1,cd_min:9/7/2021,cd_max:1/30/2022&tbm=nws&sxsrf=APwXEdcrIc0IEbw1XaXM957cwpY8DG2vRQ:1682283655312&ei=h5xFZJvZEoudseMPkrKVyAw&start=10&sa=N&ved=2ahUKEwjbuL798sD-AhWLTmwGHRJZBckQ8tMDegQIBBAE"
"1682283685-280","https://www.google.com/search?q=rahul+gandhi&biw=743&bih=750&sxsrf=APwXEdfzWRL4Ob-eURCUKHdqEBroa1mZOg%3A1682283558453&source=lnt&tbs=cdr%3A1%2Ccd_min%3A9%2F7%2F2021%2Ccd_max%3A1%2F30%2F2022&tbm=nws","The Indian ExpressHinduism not about killing but Hindutva is: Rahul GandhiOn Friday, Rahul Gandhi admitted that the Congress ideology has been 
“overshadowed” by the ideology of the BJP and RSS and the party has to 
accept it..13-Nov-2021","https://indianexpress.com/article/india/rahul-gandhi-hindutva-hinduism-congress-7619586/","2","https://www.google.com/search?q=rahul+gandhi&biw=743&bih=750&tbs=cdr:1,cd_min:9/7/2021,cd_max:1/30/2022&tbm=nws&sxsrf=APwXEdcrIc0IEbw1XaXM957cwpY8DG2vRQ:1682283655312&ei=h5xFZJvZEoudseMPkrKVyAw&start=10&sa=N&ved=2ahUKEwjbuL798sD-AhWLTmwGHRJZBckQ8tMDegQIBBAE"
"1682283685-281","https://www.google.com/search?q=rahul+gandhi&biw=743&bih=750&sxsrf=APwXEdfzWRL4Ob-eURCUKHdqEBroa1mZOg%3A1682283558453&source=lnt&tbs=cdr%3A1%2Ccd_min%3A9%2F7%2F2021%2Ccd_max%3A1%2F30%2F2022&tbm=nws","Telegraph IndiaGandhis question objectionable statements in class 10 CBSE ...Congress President Sonia Gandhi and leader Rahul Gandhi on Monday hit out 
at the CBSE over a comprehension passage in class 10 English paper, with 
Rahul....13-Dec-2021","https://www.telegraphindia.com/india/gandhis-question-objectionable-statements-in-class-10-cbse-english-paper/cid/1843112","2","https://www.google.com/search?q=rahul+gandhi&biw=743&bih=750&tbs=cdr:1,cd_min:9/7/2021,cd_max:1/30/2022&tbm=nws&sxsrf=APwXEdcrIc0IEbw1XaXM957cwpY8DG2vRQ:1682283655312&ei=h5xFZJvZEoudseMPkrKVyAw&start=10&sa=N&ved=2ahUKEwjbuL798sD-AhWLTmwGHRJZBckQ8tMDegQIBBAE"
"1682283685-282","https://www.google.com/search?q=rahul+gandhi&biw=743&bih=750&sxsrf=APwXEdfzWRL4Ob-eURCUKHdqEBroa1mZOg%3A1682283558453&source=lnt&tbs=cdr%3A1%2Ccd_min%3A9%2F7%2F2021%2Ccd_max%3A1%2F30%2F2022&tbm=nws","India TodayKanhaiya Kumar meets Rahul Gandhi, sparks speculation of joining CongressCongress spokesperson Randeep Singh Surjewala said, “Many people meet Rahul 
Gandhi and discuss issues. I don't want to comment on this issue. If 
there's....16-Sept-2021","https://www.indiatoday.in/india/story/kanhaiya-kumar-meets-rahul-gandhi-speculation-of-joining-congress-1853462-2021-09-16","2","https://www.google.com/search?q=rahul+gandhi&biw=743&bih=750&tbs=cdr:1,cd_min:9/7/2021,cd_max:1/30/2022&tbm=nws&sxsrf=APwXEdcrIc0IEbw1XaXM957cwpY8DG2vRQ:1682283655312&ei=h5xFZJvZEoudseMPkrKVyAw&start=10&sa=N&ved=2ahUKEwjbuL798sD-AhWLTmwGHRJZBckQ8tMDegQIBBAE"
"1682283685-283","https://www.google.com/search?q=rahul+gandhi&biw=743&bih=750&sxsrf=APwXEdfzWRL4Ob-eURCUKHdqEBroa1mZOg%3A1682283558453&source=lnt&tbs=cdr%3A1%2Ccd_min%3A9%2F7%2F2021%2Ccd_max%3A1%2F30%2F2022&tbm=nws","Business StandardThis is my home, Rahul Gandhi in Amethi for 2nd time after 2019 lossRahul reached Amethi and participated in a march of Pratigya Yatra along 
with his sister Priyanka Gandhi Vadra. Rahul Gandhi said, this is his home, 
and no one....18-Dec-2021","https://www.business-standard.com/article/politics/this-is-my-home-rahul-gandhi-in-amethi-for-2nd-time-after-2019-loss-121121800606_1.html","2","https://www.google.com/search?q=rahul+gandhi&biw=743&bih=750&tbs=cdr:1,cd_min:9/7/2021,cd_max:1/30/2022&tbm=nws&sxsrf=APwXEdcrIc0IEbw1XaXM957cwpY8DG2vRQ:1682283655312&ei=h5xFZJvZEoudseMPkrKVyAw&start=10&sa=N&ved=2ahUKEwjbuL798sD-AhWLTmwGHRJZBckQ8tMDegQIBBAE"
"1682283685-284","https://www.google.com/search?q=rahul+gandhi&biw=743&bih=750&sxsrf=APwXEdfzWRL4Ob-eURCUKHdqEBroa1mZOg%3A1682283558453&source=lnt&tbs=cdr%3A1%2Ccd_min%3A9%2F7%2F2021%2Ccd_max%3A1%2F30%2F2022&tbm=nws","Hindustan TimesGandhi death anniv: Prez Kovind, PM & Rahul Gandhi pay floral tribute at 
RajghatPresident Ram Nath Kovind, Prime Minister Narendra Modi and Congress MP 
Rahul Gandhi were among the top leaders of the nation to pay floral tribute 
to....30-Jan-2022","https://www.hindustantimes.com/india-news/gandhi-death-anniv-prez-kovind-pm-rahul-gandhi-pay-floral-tribute-at-rajghat-101643521786875.html","2","https://www.google.com/search?q=rahul+gandhi&biw=743&bih=750&tbs=cdr:1,cd_min:9/7/2021,cd_max:1/30/2022&tbm=nws&sxsrf=APwXEdcrIc0IEbw1XaXM957cwpY8DG2vRQ:1682283655312&ei=h5xFZJvZEoudseMPkrKVyAw&start=10&sa=N&ved=2ahUKEwjbuL798sD-AhWLTmwGHRJZBckQ8tMDegQIBBAE"
"1682283685-285","https://www.google.com/search?q=rahul+gandhi&biw=743&bih=750&sxsrf=APwXEdfzWRL4Ob-eURCUKHdqEBroa1mZOg%3A1682283558453&source=lnt&tbs=cdr%3A1%2Ccd_min%3A9%2F7%2F2021%2Ccd_max%3A1%2F30%2F2022&tbm=nws","The Hindu‘Jumla’ version of COVID-19 vaccine story will not save lives: Rahul GandhiCongress leader Rahul Gandhi. Former Congress president Rahul Gandhi on 
October 27 said actual vaccinations and not the “jumla (rhetoric)....27-Oct-2021","https://www.thehindu.com/news/national/jumla-version-of-covid-19-vaccine-story-will-not-save-lives-rahul-gandhi/article37184636.ece","2","https://www.google.com/search?q=rahul+gandhi&biw=743&bih=750&tbs=cdr:1,cd_min:9/7/2021,cd_max:1/30/2022&tbm=nws&sxsrf=APwXEdcrIc0IEbw1XaXM957cwpY8DG2vRQ:1682283655312&ei=h5xFZJvZEoudseMPkrKVyAw&start=10&sa=N&ved=2ahUKEwjbuL798sD-AhWLTmwGHRJZBckQ8tMDegQIBBAE"
